state_code,district_code,district_name,population,households
1,1,Kupwara,870354,113929
1,1,Kupwara,765625,101930
1,1,Kupwara,104729,11999
1,2,Badgam,753745,103363
1,2,Badgam,655833,89417
1,2,Badgam,97912,13946
1,3,Leh(Ladakh),133487,21909
1,3,Leh(Ladakh),87816,14905
1,3,Leh(Ladakh),45671,7004
1,4,Kargil,140802,18338
1,4,Kargil,124464,16147
1,4,Kargil,16338,2191
1,5,Punch,476835,90261
1,5,Punch,438205,83045
1,5,Punch,38630,7216
1,6,Rajouri,642415,130401
1,6,Rajouri,590101,122645
1,6,Rajouri,52314,7756
1,7,Kathua,616435,119583
1,7,Kathua,526722,101651
1,7,Kathua,89713,17932
1,8,Baramula,1008039,152635
1,8,Baramula,825539,125346
1,8,Baramula,182500,27289
1,9,Bandipore,392232,58392
1,9,Bandipore,326871,48794
1,9,Bandipore,65361,9598
1,10,Srinagar,1236829,191678
1,10,Srinagar,17313,2844
1,10,Srinagar,1219516,188834
1,11,Ganderbal,297446,45361
1,11,Ganderbal,250407,38395
1,11,Ganderbal,47039,6966
1,12,Pulwama,560440,86241
1,12,Pulwama,479978,75587
1,12,Pulwama,80462,10654
1,13,Shupiyan,266215,44411
1,13,Shupiyan,249855,41858
1,13,Shupiyan,16360,2553
1,14,Anantnag,1078692,153640
1,14,Anantnag,795805,117648
1,14,Anantnag,282887,35992
1,15,Kulgam,424483,73728
1,15,Kulgam,343870,59922
1,15,Kulgam,80613,13806
1,16,Doda,409936,79636
1,16,Doda,377247,72917
1,16,Doda,32689,6719
1,17,Ramban,283713,55490
1,17,Ramban,271902,53328
1,17,Ramban,11811,2162
1,18,Kishtwar,230696,45209
1,18,Kishtwar,215831,42499
1,18,Kishtwar,14865,2710
1,19,Udhampur,554985,99240
1,19,Udhampur,446777,78887
1,19,Udhampur,108208,20353
1,20,Reasi,314667,56689
1,20,Reasi,287671,51659
1,20,Reasi,26996,5030
1,21,Jammu,1529958,314199
1,21,Jammu,764945,159291
1,21,Jammu,765013,154908
1,22,Samba,318898,65385
1,22,Samba,265283,54718
1,22,Samba,53615,10667
2,23,Chamba,519080,102460
2,23,Chamba,482972,94596
2,23,Chamba,36108,7864
2,24,Kangra,1510075,338887
2,24,Kangra,1423794,318379
2,24,Kangra,86281,20508
2,25,Lahul & Spiti,31564,6674
2,25,Lahul & Spiti,31564,6674
2,25,Lahul & Spiti,0,0
2,26,Kullu,437903,94807
2,26,Kullu,396512,84358
2,26,Kullu,41391,10449
2,27,Mandi,999777,219145
2,27,Mandi,937140,203747
2,27,Mandi,62637,15398
2,28,Hamirpur,454768,105519
2,28,Hamirpur,423338,98115
2,28,Hamirpur,31430,7404
2,29,Una,521173,110332
2,29,Una,476260,100502
2,29,Una,44913,9830
2,30,Bilaspur,381956,80485
2,30,Bilaspur,356827,74712
2,30,Bilaspur,25129,5773
2,31,Solan,580320,122425
2,31,Solan,478173,96510
2,31,Solan,102147,25915
2,32,Sirmaur,529855,98208
2,32,Sirmaur,472690,85087
2,32,Sirmaur,57165,13121
2,33,Shimla,814010,184362
2,33,Shimla,612659,129854
2,33,Shimla,201351,54508
2,34,Kinnaur,84121,19976
2,34,Kinnaur,84121,19976
2,34,Kinnaur,0,0
3,35,Gurdaspur,2298323,443666
3,35,Gurdaspur,1639004,312300
3,35,Gurdaspur,659319,131366
3,36,Kapurthala ,815168,167989
3,36,Kapurthala ,532706,107710
3,36,Kapurthala ,282462,60279
3,37,Jalandhar,2193590,461635
3,37,Jalandhar,1032419,213682
3,37,Jalandhar,1161171,247953
3,38,Hoshiarpur,1586625,336994
3,38,Hoshiarpur,1251656,264831
3,38,Hoshiarpur,334969,72163
3,39,Shahid Bhagat Singh Nagar ,612310,129500
3,39,Shahid Bhagat Singh Nagar ,486894,102766
3,39,Shahid Bhagat Singh Nagar ,125416,26734
3,40,Fatehgarh Sahib,600163,118100
3,40,Fatehgarh Sahib,414681,78997
3,40,Fatehgarh Sahib,185482,39103
3,41,Ludhiana,3498739,716826
3,41,Ludhiana,1429031,280796
3,41,Ludhiana,2069708,436030
3,42,Moga,995746,193256
3,42,Moga,768500,147298
3,42,Moga,227246,45958
3,43,Firozpur,2029074,385994
3,43,Firozpur,1476518,276967
3,43,Firozpur,552556,109027
3,44,Muktsar,901896,174360
3,44,Muktsar,649705,124124
3,44,Muktsar,252191,50236
3,45,Faridkot,617508,120893
3,45,Faridkot,400457,76728
3,45,Faridkot,217051,44165
3,46,Bathinda,1388525,273902
3,46,Bathinda,889308,171292
3,46,Bathinda,499217,102610
3,47,Mansa,769751,149630
3,47,Mansa,606147,117232
3,47,Mansa,163604,32398
3,48,Patiala,1895686,372293
3,48,Patiala,1132406,214257
3,48,Patiala,763280,158036
3,49,Amritsar ,2490656,488898
3,49,Amritsar ,1156045,214993
3,49,Amritsar ,1334611,273905
3,50,Tarn Taran,1119627,203421
3,50,Tarn Taran,977832,176669
3,50,Tarn Taran,141795,26752
3,51,Rupnagar,684627,135635
3,51,Rupnagar,506820,97827
3,51,Rupnagar,177807,37808
3,52,Sahibzada Ajit Singh Nagar,994628,205411
3,52,Sahibzada Ajit Singh Nagar,450017,85123
3,52,Sahibzada Ajit Singh Nagar,544611,120288
3,53,Sangrur,1655169,318870
3,53,Sangrur,1139204,217864
3,53,Sangrur,515965,101006
3,54,Barnala,595527,115798
3,54,Barnala,404842,76657
3,54,Barnala,190685,39141
4,55,Chandigarh,1055450,241173
4,55,Chandigarh,28991,7140
4,55,Chandigarh,1026459,234033
5,56,Uttarkashi,330086,67602
5,56,Uttarkashi,305781,61914
5,56,Uttarkashi,24305,5688
5,57,Chamoli,391605,88964
5,57,Chamoli,332209,74318
5,57,Chamoli,59396,14646
5,58,Rudraprayag,242285,53542
5,58,Rudraprayag,232360,50882
5,58,Rudraprayag,9925,2660
5,59,Tehri Garhwal,618931,132714
5,59,Tehri Garhwal,548792,115691
5,59,Tehri Garhwal,70139,17023
5,60,Dehradun,1696694,347001
5,60,Dehradun,754753,144112
5,60,Dehradun,941941,202889
5,61,Garhwal,687271,161778
5,61,Garhwal,574568,136180
5,61,Garhwal,112703,25598
5,62,Pithoragarh,483439,114730
5,62,Pithoragarh,413834,96971
5,62,Pithoragarh,69605,17759
5,63,Bageshwar,259898,58046
5,63,Bageshwar,250819,55992
5,63,Bageshwar,9079,2054
5,64,Almora,622506,140577
5,64,Almora,560192,125209
5,64,Almora,62314,15368
5,65,Champawat,259648,53953
5,65,Champawat,221305,45741
5,65,Champawat,38343,8212
5,66,Nainital,954605,191383
5,66,Nainital,582871,114954
5,66,Nainital,371734,76429
5,67,Udham Singh Nagar,1648902,308581
5,67,Udham Singh Nagar,1062142,198645
5,67,Udham Singh Nagar,586760,109936
5,68,Hardwar,1890422,338104
5,68,Hardwar,1197328,204477
5,68,Hardwar,693094,133627
6,69,Panchkula,561293,117107
6,69,Panchkula,248063,46154
6,69,Panchkula,313230,70953
6,70,Ambala,1128350,224334
6,70,Ambala,627576,117702
6,70,Ambala,500774,106632
6,71,Yamunanagar,1214205,235423
6,71,Yamunanagar,741376,136652
6,71,Yamunanagar,472829,98771
6,72,Kurukshetra,964655,188143
6,72,Kurukshetra,685430,130824
6,72,Kurukshetra,279225,57319
6,73,Kaithal,1074304,204274
6,73,Kaithal,838293,158019
6,73,Kaithal,236011,46255
6,74,Karnal,1505324,292084
6,74,Karnal,1050514,198594
6,74,Karnal,454810,93490
6,75,Panipat,1205437,235640
6,75,Panipat,650352,121876
6,75,Panipat,555085,113764
6,76,Sonipat,1450001,277726
6,76,Sonipat,996637,187552
6,76,Sonipat,453364,90174
6,77,Jind,1334152,249736
6,77,Jind,1028569,190875
6,77,Jind,305583,58861
6,78,Fatehabad,942011,180637
6,78,Fatehabad,762423,145137
6,78,Fatehabad,179588,35500
6,79,Sirsa,1295189,246571
6,79,Sirsa,975941,183495
6,79,Sirsa,319248,63076
6,80,Hisar,1743931,335608
6,80,Hisar,1190443,225651
6,80,Hisar,553488,109957
6,81,Bhiwani,1634445,311380
6,81,Bhiwani,1313123,248136
6,81,Bhiwani,321322,63244
6,82,Rohtak,1061204,206988
6,82,Rohtak,615040,117450
6,82,Rohtak,446164,89538
6,83,Jhajjar,958405,185334
6,83,Jhajjar,715066,136503
6,83,Jhajjar,243339,48831
6,84,Mahendragarh,922088,171712
6,84,Mahendragarh,789233,147122
6,84,Mahendragarh,132855,24590
6,85,Rewari,900332,178043
6,85,Rewari,666902,130299
6,85,Rewari,233430,47744
6,86,Gurgaon,1514432,326428
6,86,Gurgaon,472179,88678
6,86,Gurgaon,1042253,237750
6,87,Mewat ,1089263,160280
6,87,Mewat ,965157,139975
6,87,Mewat ,124106,20305
6,88,Faridabad,1809733,358919
6,88,Faridabad,370878,63366
6,88,Faridabad,1438855,295553
6,89,Palwal ,1042708,171157
6,89,Palwal ,806164,129696
6,89,Palwal ,236544,41461
7,90,North West,3656539,736253
7,90,North West,213950,40500
7,90,North West,3442589,695753
7,91,North,887978,180044
7,91,North,17746,3312
7,91,North,870232,176732
7,92,North East,2241624,406125
7,92,North East,21527,3938
7,92,North East,2220097,402187
7,93,East,1709346,358937
7,93,East,3530,875
7,93,East,1705816,358062
7,94,New Delhi,142004,33208
7,94,New Delhi,0,0
7,94,New Delhi,142004,33208
7,95,Central,582320,119639
7,95,Central,0,0
7,95,Central,582320,119639
7,96,West,2543243,533221
7,96,West,6420,1170
7,96,West,2536823,532051
7,97,South West,2292958,494439
7,97,South West,143676,27322
7,97,South West,2149282,467117
7,98,South,2731929,574133
7,98,South,12193,2457
7,98,South,2719736,571676
8,99,Ganganagar ,1969168,387511
8,99,Ganganagar ,1433736,278926
8,99,Ganganagar ,535432,108585
8,100,Hanumangarh,1774692,336192
8,100,Hanumangarh,1424228,268362
8,100,Hanumangarh,350464,67830
8,101,Bikaner,2363937,384944
8,101,Bikaner,1563553,244971
8,101,Bikaner,800384,139973
8,102,Churu,2039547,348984
8,102,Churu,1463312,255868
8,102,Churu,576235,93116
8,103,Jhunjhunun,2137045,384197
8,103,Jhunjhunun,1647966,300801
8,103,Jhunjhunun,489079,83396
8,104,Alwar,3674179,639720
8,104,Alwar,3019728,511517
8,104,Alwar,654451,128203
8,105,Bharatpur,2548462,425414
8,105,Bharatpur,2053363,338689
8,105,Bharatpur,495099,86725
8,106,Dhaulpur,1206516,203754
8,106,Dhaulpur,959066,162180
8,106,Dhaulpur,247450,41574
8,107,Karauli,1458248,262503
8,107,Karauli,1240143,224570
8,107,Karauli,218105,37933
8,108,Sawai Madhopur,1335551,254716
8,108,Sawai Madhopur,1069084,206129
8,108,Sawai Madhopur,266467,48587
8,109,Dausa,1634409,292502
8,109,Dausa,1432616,256694
8,109,Dausa,201793,35808
8,110,Jaipur,6626178,1177096
8,110,Jaipur,3154331,507803
8,110,Jaipur,3471847,669293
8,111,Sikar,2677333,444816
8,111,Sikar,2043427,345160
8,111,Sikar,633906,99656
8,112,Nagaur,3307743,578809
8,112,Nagaur,2670539,476736
8,112,Nagaur,637204,102073
8,113,Jodhpur,3687165,649013
8,113,Jodhpur,2422551,414223
8,113,Jodhpur,1264614,234790
8,114,Jaisalmer,669919,117171
8,114,Jaisalmer,580894,100427
8,114,Jaisalmer,89025,16744
8,115,Barmer,2603751,451629
8,115,Barmer,2421914,418990
8,115,Barmer,181837,32639
8,116,Jalor,1828730,326134
8,116,Jalor,1676975,298074
8,116,Jalor,151755,28060
8,117,Sirohi,1036346,201785
8,117,Sirohi,827692,159265
8,117,Sirohi,208654,42520
8,118,Pali,2037573,418157
8,118,Pali,1577567,329510
8,118,Pali,460006,88647
8,119,Ajmer,2583052,494832
8,119,Ajmer,1547642,293744
8,119,Ajmer,1035410,201088
8,120,Tonk,1421326,266870
8,120,Tonk,1103603,212126
8,120,Tonk,317723,54744
8,121,Bundi,1110906,220768
8,121,Bundi,888205,177150
8,121,Bundi,222701,43618
8,122,Bhilwara,2408523,498125
8,122,Bhilwara,1895869,394065
8,122,Bhilwara,512654,104060
8,123,Rajsamand,1156597,243078
8,123,Rajsamand,972777,205878
8,123,Rajsamand,183820,37200
8,124,Dungarpur,1388552,282029
8,124,Dungarpur,1299809,263075
8,124,Dungarpur,88743,18954
8,125,Banswara,1797485,367797
8,125,Banswara,1669864,340276
8,125,Banswara,127621,27521
8,126,Chittaurgarh,1544338,329119
8,126,Chittaurgarh,1259074,269332
8,126,Chittaurgarh,285264,59787
8,127,Kota,1951014,396501
8,127,Kota,774410,151351
8,127,Kota,1176604,245150
8,128,Baran,1222755,241428
8,128,Baran,968541,191526
8,128,Baran,254214,49902
8,129,Jhalawar,1411129,283295
8,129,Jhalawar,1181838,237702
8,129,Jhalawar,229291,45593
8,130,Udaipur,3068420,623531
8,130,Udaipur,2459994,495973
8,130,Udaipur,608426,127558
8,131,Pratapgarh,867848,178726
8,131,Pratapgarh,796041,163810
8,131,Pratapgarh,71807,14916
9,132,Saharanpur,3466382,597656
9,132,Saharanpur,2399856,408198
9,132,Saharanpur,1066526,189458
9,133,Muzaffarnagar,4143512,676642
9,133,Muzaffarnagar,2952200,475749
9,133,Muzaffarnagar,1191312,200893
9,134,Bijnor,3682713,633197
9,134,Bijnor,2757401,478997
9,134,Bijnor,925312,154200
9,135,Moradabad,4772006,796170
9,135,Moradabad,3198383,522763
9,135,Moradabad,1573623,273407
9,136,Rampur,2335819,393736
9,136,Rampur,1747172,290515
9,136,Rampur,588647,103221
9,137,Jyotiba Phule Nagar,1840221,314401
9,137,Jyotiba Phule Nagar,1381508,235417
9,137,Jyotiba Phule Nagar,458713,78984
9,138,Meerut,3443689,579110
9,138,Meerut,1684507,271679
9,138,Meerut,1759182,307431
9,139,Baghpat,1303048,209916
9,139,Baghpat,1028023,164494
9,139,Baghpat,275025,45422
9,140,Ghaziabad,4681645,850676
9,140,Ghaziabad,1519098,248050
9,140,Ghaziabad,3162547,602626
9,141,Gautam Buddha Nagar,1648115,327090
9,141,Gautam Buddha Nagar,673806,111916
9,141,Gautam Buddha Nagar,974309,215174
9,142,Bulandshahr ,3499171,587529
9,142,Bulandshahr ,2631742,440668
9,142,Bulandshahr ,867429,146861
9,143,Aligarh,3673889,611371
9,143,Aligarh,2456698,407034
9,143,Aligarh,1217191,204337
9,144,Mahamaya Nagar,1564708,260860
9,144,Mahamaya Nagar,1232015,204827
9,144,Mahamaya Nagar,332693,56033
9,145,Mathura,2547184,423125
9,145,Mathura,1791191,292881
9,145,Mathura,755993,130244
9,146,Agra,4418797,710566
9,146,Agra,2394602,371791
9,146,Agra,2024195,338775
9,147,Firozabad,2498156,414266
9,147,Firozabad,1664987,274897
9,147,Firozabad,833169,139369
9,148,Mainpuri,1868529,313690
9,148,Mainpuri,1580087,263503
9,148,Mainpuri,288442,50187
9,149,Budaun,3681896,615776
9,149,Budaun,3037301,505491
9,149,Budaun,644595,110285
9,150,Bareilly,4448359,756784
9,150,Bareilly,2879950,481039
9,150,Bareilly,1568409,275745
9,151,Pilibhit,2031007,362573
9,151,Pilibhit,1679592,299026
9,151,Pilibhit,351415,63547
9,152,Shahjahanpur,3006538,527501
9,152,Shahjahanpur,2412446,425057
9,152,Shahjahanpur,594092,102444
9,153,Kheri,4021243,745077
9,153,Kheri,3560208,661245
9,153,Kheri,461035,83832
9,154,Sitapur,4483992,801764
9,154,Sitapur,3953208,714655
9,154,Sitapur,530784,87109
9,155,Hardoi,4092845,730442
9,155,Hardoi,3551039,638627
9,155,Hardoi,541806,91815
9,156,Unnao,3108367,588533
9,156,Unnao,2576721,491106
9,156,Unnao,531646,97427
9,157,Lucknow,4589838,860703
9,157,Lucknow,1550842,283193
9,157,Lucknow,3038996,577510
9,158,Rae Bareli,3405559,619707
9,158,Rae Bareli,3097564,565776
9,158,Rae Bareli,307995,53931
9,159,Farrukhabad,1885204,314144
9,159,Farrukhabad,1469019,242119
9,159,Farrukhabad,416185,72025
9,160,Kannauj,1656616,280928
9,160,Kannauj,1375775,233746
9,160,Kannauj,280841,47182
9,161,Etawah,1581810,277527
9,161,Etawah,1215511,213548
9,161,Etawah,366299,63979
9,162,Auraiya,1379545,248197
9,162,Auraiya,1145323,206164
9,162,Auraiya,234222,42033
9,163,Kanpur Dehat,1796184,329817
9,163,Kanpur Dehat,1622761,298833
9,163,Kanpur Dehat,173423,30984
9,164,Kanpur Nagar,4581268,863338
9,164,Kanpur Nagar,1565623,293376
9,164,Kanpur Nagar,3015645,569962
9,165,Jalaun ,1689974,288338
9,165,Jalaun ,1271074,216570
9,165,Jalaun ,418900,71768
9,166,Jhansi,1998603,367779
9,166,Jhansi,1165119,215843
9,166,Jhansi,833484,151936
9,167,Lalitpur,1221592,222094
9,167,Lalitpur,1046214,189543
9,167,Lalitpur,175378,32551
9,168,Hamirpur,1104285,204863
9,168,Hamirpur,894437,166700
9,168,Hamirpur,209848,38163
9,169,Mahoba,875958,158435
9,169,Mahoba,690577,124678
9,169,Mahoba,185381,33757
9,170,Banda,1799410,319963
9,170,Banda,1523655,270245
9,170,Banda,275755,49718
9,171,Chitrakoot,991730,168232
9,171,Chitrakoot,895398,151278
9,171,Chitrakoot,96332,16954
9,172,Fatehpur,2632733,472238
9,172,Fatehpur,2310740,414578
9,172,Fatehpur,321993,57660
9,173,Pratapgarh,3209141,533546
9,173,Pratapgarh,3033899,505129
9,173,Pratapgarh,175242,28417
9,174,Kaushambi,1599596,277851
9,174,Kaushambi,1475140,256198
9,174,Kaushambi,124456,21653
9,175,Allahabad ,5954391,976733
9,175,Allahabad ,4481518,721011
9,175,Allahabad ,1472873,255722
9,176,Bara Banki,3260699,579058
9,176,Bara Banki,2929896,524255
9,176,Bara Banki,330803,54803
9,177,Faizabad,2470996,423375
9,177,Faizabad,2130743,365711
9,177,Faizabad,340253,57664
9,178,Ambedkar Nagar,2397888,368728
9,178,Ambedkar Nagar,2117158,325035
9,178,Ambedkar Nagar,280730,43693
9,179,Sultanpur,3797117,623523
9,179,Sultanpur,3597201,590446
9,179,Sultanpur,199916,33077
9,180,Bahraich,3487731,603754
9,180,Bahraich,3203687,557893
9,180,Bahraich,284044,45861
9,181,Shrawasti,1117361,188289
9,181,Shrawasti,1078712,182331
9,181,Shrawasti,38649,5958
9,182,Balrampur,2148665,323881
9,182,Balrampur,1982274,298368
9,182,Balrampur,166391,25513
9,183,Gonda,3433919,541247
9,183,Gonda,3208890,504278
9,183,Gonda,225029,36969
9,184,Siddharthnagar,2559297,379351
9,184,Siddharthnagar,2398606,355461
9,184,Siddharthnagar,160691,23890
9,185,Basti,2464464,382212
9,185,Basti,2326367,360637
9,185,Basti,138097,21575
9,186,Sant Kabir Nagar,1715183,256645
9,186,Sant Kabir Nagar,1586652,237921
9,186,Sant Kabir Nagar,128531,18724
9,187,Mahrajganj,2684703,426565
9,187,Mahrajganj,2549973,404790
9,187,Mahrajganj,134730,21775
9,188,Gorakhpur,4440895,692960
9,188,Gorakhpur,3604766,554999
9,188,Gorakhpur,836129,137961
9,189,Kushinagar,3564544,561062
9,189,Kushinagar,3396437,533834
9,189,Kushinagar,168107,27228
9,190,Deoria,3100946,468346
9,190,Deoria,2784143,420650
9,190,Deoria,316803,47696
9,191,Azamgarh,4613913,665232
9,191,Azamgarh,4220512,611588
9,191,Azamgarh,393401,53644
9,192,Mau,2205968,324424
9,192,Mau,1706760,253645
9,192,Mau,499208,70779
9,193,Ballia,3239774,480268
9,193,Ballia,2935665,435184
9,193,Ballia,304109,45084
9,194,Jaunpur,4494204,663513
9,194,Jaunpur,4147624,613244
9,194,Jaunpur,346580,50269
9,195,Ghazipur,3620268,546664
9,195,Ghazipur,3345908,505095
9,195,Ghazipur,274360,41569
9,196,Chandauli,1952756,296804
9,196,Chandauli,1710203,259129
9,196,Chandauli,242553,37675
9,197,Varanasi,3676841,560162
9,197,Varanasi,2079790,306978
9,197,Varanasi,1597051,253184
9,198,Sant Ravidas Nagar (Bhadohi),1578213,222403
9,198,Sant Ravidas Nagar (Bhadohi),1348911,189745
9,198,Sant Ravidas Nagar (Bhadohi),229302,32658
9,199,Mirzapur,2496970,394925
9,199,Mirzapur,2149403,339323
9,199,Mirzapur,347567,55602
9,200,Sonbhadra,1862559,333174
9,200,Sonbhadra,1548217,270822
9,200,Sonbhadra,314342,62352
9,201,Etah,1774480,290683
9,201,Etah,1506338,245688
9,201,Etah,268142,44995
9,202,Kanshiram Nagar,1436719,237903
9,202,Kanshiram Nagar,1148512,190739
9,202,Kanshiram Nagar,288207,47164
10,203,Pashchim Champaran,3935042,710461
10,203,Pashchim Champaran,3541877,637354
10,203,Pashchim Champaran,393165,73107
10,204,Purba Champaran,5099371,981516
10,204,Purba Champaran,4698028,909672
10,204,Purba Champaran,401343,71844
10,205,Sheohar,656246,150144
10,205,Sheohar,628130,144286
10,205,Sheohar,28116,5858
10,206,Sitamarhi,3423574,736322
10,206,Sitamarhi,3233076,699274
10,206,Sitamarhi,190498,37048
10,207,Madhubani,4487379,898515
10,207,Madhubani,4325884,868524
10,207,Madhubani,161495,29991
10,208,Supaul,2229076,443073
10,208,Supaul,2123518,422580
10,208,Supaul,105558,20493
10,209,Araria,2811569,568142
10,209,Araria,2642792,535361
10,209,Araria,168777,32781
10,210,Kishanganj,1690400,338445
10,210,Kishanganj,1529277,306497
10,210,Kishanganj,161123,31948
10,211,Purnia,3264619,647777
10,211,Purnia,2921614,581363
10,211,Purnia,343005,66414
10,212,Katihar,3071029,619076
10,212,Katihar,2797207,565512
10,212,Katihar,273822,53564
10,213,Madhepura,2001762,401289
10,213,Madhepura,1913301,383856
10,213,Madhepura,88461,17433
10,214,Saharsa,1900661,368979
10,214,Saharsa,1744121,340117
10,214,Saharsa,156540,28862
10,215,Darbhanga,3937385,803012
10,215,Darbhanga,3554057,729100
10,215,Darbhanga,383328,73912
10,216,Muzaffarpur,4801062,945703
10,216,Muzaffarpur,4327625,857133
10,216,Muzaffarpur,473437,88570
10,217,Gopalganj,2562012,413044
10,217,Gopalganj,2399207,387421
10,217,Gopalganj,162805,25623
10,218,Siwan,3330464,535661
10,218,Siwan,3147551,507055
10,218,Siwan,182913,28606
10,219,Saran,3951862,631097
10,219,Saran,3598660,575224
10,219,Saran,353202,55873
10,220,Vaishali,3495021,626087
10,220,Vaishali,3261942,587807
10,220,Vaishali,233079,38280
10,221,Samastipur,4261566,835493
10,221,Samastipur,4113769,807402
10,221,Samastipur,147797,28091
10,222,Begusarai,2970541,589667
10,222,Begusarai,2400718,482492
10,222,Begusarai,569823,107175
10,223,Khagaria,1666886,328823
10,223,Khagaria,1579727,312717
10,223,Khagaria,87159,16106
10,224,Bhagalpur,3037766,564711
10,224,Bhagalpur,2435234,458408
10,224,Bhagalpur,602532,106303
10,225,Banka,2034763,381601
10,225,Banka,1963450,367997
10,225,Banka,71313,13604
10,226,Munger,1367765,263171
10,226,Munger,987645,192161
10,226,Munger,380120,71010
10,227,Lakhisarai,1000912,163355
10,227,Lakhisarai,857901,139248
10,227,Lakhisarai,143011,24107
10,228,Sheikhpura,636342,100701
10,228,Sheikhpura,527340,82905
10,228,Sheikhpura,109002,17796
10,229,Nalanda,2877653,477529
10,229,Nalanda,2419759,401779
10,229,Nalanda,457894,75750
10,230,Patna,5838465,975578
10,230,Patna,3323875,546154
10,230,Patna,2514590,429424
10,231,Bhojpur,2728407,416090
10,231,Bhojpur,2338546,356659
10,231,Bhojpur,389861,59431
10,232,Buxar,1706352,261660
10,232,Buxar,1541853,235177
10,232,Buxar,164499,26483
10,233,Kaimur (Bhabua),1626384,250884
10,233,Kaimur (Bhabua),1560813,240695
10,233,Kaimur (Bhabua),65571,10189
10,234,Rohtas,2959918,460345
10,234,Rohtas,2532153,390394
10,234,Rohtas,427765,69951
10,235,Aurangabad,2540073,391898
10,235,Aurangabad,2303219,355036
10,235,Aurangabad,236854,36862
10,236,Gaya,4391418,688425
10,236,Gaya,3809817,598783
10,236,Gaya,581601,89642
10,237,Nawada,2219146,338247
10,237,Nawada,2003567,304903
10,237,Nawada,215579,33344
10,238,Jamui,1760405,307082
10,238,Jamui,1615072,282205
10,238,Jamui,145333,24877
10,239,Jehanabad ,1125313,181740
10,239,Jehanabad ,990117,159920
10,239,Jehanabad ,135196,21820
10,240,Arwal,700843,118222
10,240,Arwal,648994,109769
10,240,Arwal,51849,8453
11,241,North  District,43709,8873
11,241,North  District,39065,7819
11,241,North  District,4644,1054
11,242,West District,136435,28023
11,242,West District,131187,26890
11,242,West District,5248,1133
11,243,South District,146850,30543
11,243,South District,125651,25703
11,243,South District,21199,4840
11,244,East District,283583,61567
11,244,East District,161096,32876
11,244,East District,122487,28691
12,245,Tawang,49977,10062
12,245,Tawang,38775,8377
12,245,Tawang,11202,1685
12,246,West Kameng,83947,18159
12,246,West Kameng,68015,14069
12,246,West Kameng,15932,4090
12,247,East Kameng,78690,14508
12,247,East Kameng,60340,10898
12,247,East Kameng,18350,3610
12,248,Papum Pare,176573,35730
12,248,Papum Pare,79610,14245
12,248,Papum Pare,96963,21485
12,249,Upper Subansiri,83448,15869
12,249,Upper Subansiri,70043,13231
12,249,Upper Subansiri,13405,2638
12,250,West Siang,112274,21231
12,250,West Siang,87306,15771
12,250,West Siang,24968,5460
12,251,East Siang,99214,19107
12,251,East Siang,71579,12918
12,251,East Siang,27635,6189
12,252,Upper Siang,35320,7324
12,252,Upper Siang,28780,5729
12,252,Upper Siang,6540,1595
12,253,Changlang,148226,29521
12,253,Changlang,128998,24858
12,253,Changlang,19228,4663
12,254,Tirap,111975,20611
12,254,Tirap,91165,15978
12,254,Tirap,20810,4633
12,255,Lower Subansiri,83030,15249
12,255,Lower Subansiri,70224,12245
12,255,Lower Subansiri,12806,3004
12,256,Kurung Kumey,92076,15037
12,256,Kurung Kumey,89731,14574
12,256,Kurung Kumey,2345,463
12,257,Dibang Valley,8004,1952
12,257,Dibang Valley,5620,1331
12,257,Dibang Valley,2384,621
12,258,Lower Dibang Valley,54080,11600
12,258,Lower Dibang Valley,42691,8983
12,258,Lower Dibang Valley,11389,2617
12,259,Lohit,145726,30005
12,259,Lohit,113296,22578
12,259,Lohit,32430,7427
12,260,Anjaw,21167,4612
12,260,Anjaw,20185,4425
12,260,Anjaw,982,187
13,261,Mon,250260,41978
13,261,Mon,215816,35822
13,261,Mon,34444,6156
13,262,Mokokchung,194622,42690
13,262,Mokokchung,138897,29960
13,262,Mokokchung,55725,12730
13,263,Zunheboto,140757,27835
13,263,Zunheboto,113160,23014
13,263,Zunheboto,27597,4821
13,264,Wokha,166343,31891
13,264,Wokha,131339,25618
13,264,Wokha,35004,6273
13,265,Dimapur ,378811,78605
13,265,Dimapur ,180942,36505
13,265,Dimapur ,197869,42100
13,266,Phek,163418,36639
13,266,Phek,138843,31582
13,266,Phek,24575,5057
13,267,Tuensang,196596,36742
13,267,Tuensang,159822,29782
13,267,Tuensang,36774,6960
13,268,Longleng,50484,11985
13,268,Longleng,42871,10295
13,268,Longleng,7613,1690
13,269,Kiphire,74004,14771
13,269,Kiphire,57517,11662
13,269,Kiphire,16487,3109
13,270,Kohima,267988,54391
13,270,Kohima,146900,27636
13,270,Kohima,121088,26755
13,271,Peren,95219,18475
13,271,Peren,81429,15615
13,271,Peren,13790,2860
14,272,Senapati,479148,83411
14,272,Senapati,471672,81974
14,272,Senapati,7476,1437
14,273,Tamenglong ,140651,25039
14,273,Tamenglong ,121288,21558
14,273,Tamenglong ,19363,3481
14,274,Churachandpur,274143,49089
14,274,Churachandpur,255786,45787
14,274,Churachandpur,18357,3302
14,275,Bishnupur,237399,46580
14,275,Bishnupur,149894,29237
14,275,Bishnupur,87505,17343
14,276,Thoubal,422168,85965
14,276,Thoubal,270835,54888
14,276,Thoubal,151333,31077
14,277,Imphal West,517992,111156
14,277,Imphal West,195113,41595
14,277,Imphal West,322879,69561
14,278,Imphal East,456113,92124
14,278,Imphal East,272906,54443
14,278,Imphal East,183207,37681
14,279,Ukhrul,183998,35694
14,279,Ukhrul,156811,30468
14,279,Ukhrul,27187,5226
14,280,Chandel,144182,28801
14,280,Chandel,127335,25570
14,280,Chandel,16847,3231
15,281,Mamit,86364,17731
15,281,Mamit,71465,14539
15,281,Mamit,14899,3192
15,282,Kolasib,83955,17270
15,282,Kolasib,37077,7608
15,282,Kolasib,46878,9662
15,283,Aizawl,400309,82524
15,283,Aizawl,85555,17328
15,283,Aizawl,314754,65196
15,284,Champhai,125745,25520
15,284,Champhai,77216,15452
15,284,Champhai,48529,10068
15,285,Serchhip,64937,12622
15,285,Serchhip,32918,6331
15,285,Serchhip,32019,6291
15,286,Lunglei,161428,33058
15,286,Lunglei,92676,18943
15,286,Lunglei,68752,14115
15,287,Lawngtlai,117894,22984
15,287,Lawngtlai,97064,19074
15,287,Lawngtlai,20830,3910
15,288,Saiha,56574,11144
15,288,Saiha,31464,6537
15,288,Saiha,25110,4607
16,289,West Tripura ,1725739,410565
16,289,West Tripura ,1048101,242324
16,289,West Tripura ,677638,168241
16,290,South Tripura ,876001,208127
16,290,South Tripura ,752970,176230
16,290,South Tripura ,123031,31897
16,291,Dhalai,378230,84509
16,291,Dhalai,337731,74404
16,291,Dhalai,40499,10105
16,292,North Tripura,693947,152355
16,292,North Tripura,573662,123624
16,292,North Tripura,120285,28731
17,293,West Garo Hills,643291,123352
17,293,West Garo Hills,568433,109609
17,293,West Garo Hills,74858,13743
17,294,East Garo Hills,317917,58328
17,294,East Garo Hills,273725,50585
17,294,East Garo Hills,44192,7743
17,295,South Garo Hills,142334,24527
17,295,South Garo Hills,129203,22176
17,295,South Garo Hills,13131,2351
17,296,West Khasi Hills,383461,64906
17,296,West Khasi Hills,340356,57720
17,296,West Khasi Hills,43105,7186
17,297,Ribhoi,258840,46872
17,297,Ribhoi,233587,42412
17,297,Ribhoi,25253,4460
17,298,East Khasi Hills,825922,164046
17,298,East Khasi Hills,459441,86985
17,298,East Khasi Hills,366481,77061
17,299,Jaintia Hills,395124,66028
17,299,Jaintia Hills,366694,61086
17,299,Jaintia Hills,28430,4942
18,300,Kokrajhar,887142,181081
18,300,Kokrajhar,832201,169359
18,300,Kokrajhar,54941,11722
18,301,Dhubri,1949258,414674
18,301,Dhubri,1745557,371075
18,301,Dhubri,203701,43599
18,302,Goalpara,1008183,198454
18,302,Goalpara,870121,170003
18,302,Goalpara,138062,28451
18,303,Barpeta,1693622,337929
18,303,Barpeta,1546269,306434
18,303,Barpeta,147353,31495
18,304,Morigaon,957423,184602
18,304,Morigaon,884125,168445
18,304,Morigaon,73298,16157
18,305,Nagaon,2823768,559340
18,305,Nagaon,2454234,480399
18,305,Nagaon,369534,78941
18,306,Sonitpur,1924110,392919
18,306,Sonitpur,1750265,352647
18,306,Sonitpur,173845,40272
18,307,Lakhimpur,1042137,204307
18,307,Lakhimpur,950804,183192
18,307,Lakhimpur,91333,21115
18,308,Dhemaji,686133,129869
18,308,Dhemaji,637848,119638
18,308,Dhemaji,48285,10231
18,309,Tinsukia,1327929,268598
18,309,Tinsukia,1063186,210707
18,309,Tinsukia,264743,57891
18,310,Dibrugarh,1326335,276867
18,310,Dibrugarh,1082605,222414
18,310,Dibrugarh,243730,54453
18,311,Sivasagar,1151050,248367
18,311,Sivasagar,1040954,222136
18,311,Sivasagar,110096,26231
18,312,Jorhat,1092256,236262
18,312,Jorhat,871722,184642
18,312,Jorhat,220534,51620
18,313,Golaghat,1066888,227197
18,313,Golaghat,969152,204860
18,313,Golaghat,97736,22337
18,314,Karbi Anglong,956313,177646
18,314,Karbi Anglong,843347,153957
18,314,Karbi Anglong,112966,23689
18,315,Dima Hasao,214102,42252
18,315,Dima Hasao,151613,29289
18,315,Dima Hasao,62489,12963
18,316,Cachar,1736617,379955
18,316,Cachar,1421153,310750
18,316,Cachar,315464,69205
18,317,Karimganj,1228686,247714
18,317,Karimganj,1118986,224563
18,317,Karimganj,109700,23151
18,318,Hailakandi,659296,143350
18,318,Hailakandi,611156,133091
18,318,Hailakandi,48140,10259
18,319,Bongaigaon,738804,150018
18,319,Bongaigaon,628994,125095
18,319,Bongaigaon,109810,24923
18,320,Chirang,482162,97395
18,320,Chirang,446825,89823
18,320,Chirang,35337,7572
18,321,Kamrup,1517542,311114
18,321,Kamrup,1375148,280269
18,321,Kamrup,142394,30845
18,322,Kamrup Metropolitan,1253938,293112
18,322,Kamrup Metropolitan,216927,45484
18,322,Kamrup Metropolitan,1037011,247628
18,323,Nalbari,771639,155248
18,323,Nalbari,688909,137601
18,323,Nalbari,82730,17647
18,324,Baksa,950075,191701
18,324,Baksa,937833,189249
18,324,Baksa,12242,2452
18,325,Darrang,928500,187783
18,325,Darrang,873006,175351
18,325,Darrang,55494,12432
18,326,Udalguri,831668,168717
18,326,Udalguri,794094,160404
18,326,Udalguri,37574,8313
19,327,Darjiling ,1846823,391234
19,327,Darjiling ,1118860,236694
19,327,Darjiling ,727963,154540
19,328,Jalpaiguri ,3872846,868326
19,328,Jalpaiguri ,2812495,625015
19,328,Jalpaiguri ,1060351,243311
19,329,Koch Bihar ,2819086,665720
19,329,Koch Bihar ,2529652,596027
19,329,Koch Bihar ,289434,69693
19,330,Uttar Dinajpur,3007134,605674
19,330,Uttar Dinajpur,2644906,532383
19,330,Uttar Dinajpur,362228,73291
19,331,Dakshin Dinajpur,1676276,396406
19,331,Dakshin Dinajpur,1439981,339231
19,331,Dakshin Dinajpur,236295,57175
19,332,Maldah ,3988845,846991
19,332,Maldah ,3447185,734207
19,332,Maldah ,541660,112784
19,333,Murshidabad ,7103807,1570759
19,333,Murshidabad ,5703115,1286200
19,333,Murshidabad ,1400692,284559
19,334,Birbhum,3502404,817899
19,334,Birbhum,3052956,715476
19,334,Birbhum,449448,102423
19,335,Barddhaman ,7717563,1730927
19,335,Barddhaman ,4639264,1071561
19,335,Barddhaman ,3078299,659366
19,336,Nadia ,5167600,1232282
19,336,Nadia ,3728727,883310
19,336,Nadia ,1438873,348972
19,337,North Twenty Four Parganas,10009781,2348683
19,337,North Twenty Four Parganas,4277619,993234
19,337,North Twenty Four Parganas,5732162,1355449
19,338,Hugli ,5519145,1287423
19,338,Hugli ,3390646,781480
19,338,Hugli ,2128499,505943
19,339,Bankura ,3596674,766902
19,339,Bankura ,3296901,701159
19,339,Bankura ,299773,65743
19,340,Puruliya,2930115,567824
19,340,Puruliya,2556801,495836
19,340,Puruliya,373314,71988
19,341,Haora ,4850029,1061336
19,341,Haora ,1775885,391434
19,341,Haora ,3074144,669902
19,342,Kolkata,4496694,1024928
19,342,Kolkata,0,0
19,342,Kolkata,4496694,1024928
19,343,South Twenty Four Parganas,8161961,1781221
19,343,South Twenty Four Parganas,6074188,1298259
19,343,South Twenty Four Parganas,2087773,482962
19,344,Paschim Medinipur,5913457,1301610
19,344,Paschim Medinipur,5190771,1142875
19,344,Paschim Medinipur,722686,158735
19,345,Purba Medinipur,5095875,1114170
19,345,Purba Medinipur,4503161,988784
19,345,Purba Medinipur,592714,125386
20,346,Garhwa ,1322784,254697
20,346,Garhwa ,1253114,241464
20,346,Garhwa ,69670,13233
20,347,Chatra,1042886,182271
20,347,Chatra,979932,171296
20,347,Chatra,62954,10975
20,348,Kodarma,716259,116155
20,348,Kodarma,575013,91693
20,348,Kodarma,141246,24462
20,349,Giridih,2445474,396521
20,349,Giridih,2237450,360709
20,349,Giridih,208024,35812
20,350,Deoghar,1492073,264347
20,350,Deoghar,1233712,217783
20,350,Deoghar,258361,46564
20,351,Godda,1313551,253648
20,351,Godda,1249132,241815
20,351,Godda,64419,11833
20,352,Sahibganj,1150567,227023
20,352,Sahibganj,990901,196056
20,352,Sahibganj,159666,30967
20,353,Pakur,900422,182317
20,353,Pakur,832910,168906
20,353,Pakur,67512,13411
20,354,Dhanbad,2684487,507064
20,354,Dhanbad,1124093,211024
20,354,Dhanbad,1560394,296040
20,355,Bokaro,2062330,394918
20,355,Bokaro,1078686,206148
20,355,Bokaro,983644,188770
20,356,Lohardaga,461790,88638
20,356,Lohardaga,404379,77536
20,356,Lohardaga,57411,11102
20,357,Purbi Singhbhum,2293919,476931
20,357,Purbi Singhbhum,1019328,218160
20,357,Purbi Singhbhum,1274591,258771
20,358,Palamu,1939869,358754
20,358,Palamu,1713866,318828
20,358,Palamu,226003,39926
20,359,Latehar,726978,133381
20,359,Latehar,675120,123316
20,359,Latehar,51858,10065
20,360,Hazaribagh,1734495,304749
20,360,Hazaribagh,1459188,255451
20,360,Hazaribagh,275307,49298
20,361,Ramgarh,949443,179375
20,361,Ramgarh,530488,98829
20,361,Ramgarh,418955,80546
20,362,Dumka,1321442,275019
20,362,Dumka,1231264,257610
20,362,Dumka,90178,17409
20,363,Jamtara,791042,155275
20,363,Jamtara,715296,140311
20,363,Jamtara,75746,14964
20,364,Ranchi,2914253,569444
20,364,Ranchi,1656918,326235
20,364,Ranchi,1257335,243209
20,365,Khunti,531885,103700
20,365,Khunti,486903,94645
20,365,Khunti,44982,9055
20,366,Gumla,1025213,188988
20,366,Gumla,960132,176633
20,366,Gumla,65081,12355
20,367,Simdega,599578,118288
20,367,Simdega,556634,110036
20,367,Simdega,42944,8252
20,368,Pashchimi Singhbhum,1502338,302046
20,368,Pashchimi Singhbhum,1284304,257294
20,368,Pashchimi Singhbhum,218034,44752
20,369,Saraikela-Kharsawan,1065056,221232
20,369,Saraikela-Kharsawan,806310,167591
20,369,Saraikela-Kharsawan,258746,53641
21,370,Bargarh,1481255,370308
21,370,Bargarh,1331145,336130
21,370,Bargarh,150110,34178
21,371,Jharsuguda,579505,136061
21,371,Jharsuguda,348340,84287
21,371,Jharsuguda,231165,51774
21,372,Sambalpur,1041099,249597
21,372,Sambalpur,733006,179411
21,372,Sambalpur,308093,70186
21,373,Debagarh,312520,75452
21,373,Debagarh,290130,70058
21,373,Debagarh,22390,5394
21,374,Sundargarh,2093437,479109
21,374,Sundargarh,1355340,312497
21,374,Sundargarh,738097,166612
21,375,Kendujhar,1801733,405272
21,375,Kendujhar,1548674,348448
21,375,Kendujhar,253059,56824
21,376,Mayurbhanj,2519738,586253
21,376,Mayurbhanj,2326842,542726
21,376,Mayurbhanj,192896,43527
21,377,Baleshwar,2320529,533001
21,377,Baleshwar,2067236,477434
21,377,Baleshwar,253293,55567
21,378,Bhadrak,1506337,306333
21,378,Bhadrak,1320499,270791
21,378,Bhadrak,185838,35542
21,379,Kendrapara ,1440361,321934
21,379,Kendrapara ,1356827,305868
21,379,Kendrapara ,83534,16066
21,380,Jagatsinghapur ,1136971,261307
21,380,Jagatsinghapur ,1020991,233626
21,380,Jagatsinghapur ,115980,27681
21,381,Cuttack,2624470,579170
21,381,Cuttack,1888423,429454
21,381,Cuttack,736047,149716
21,382,Jajapur  ,1827192,407851
21,382,Jajapur  ,1692095,378645
21,382,Jajapur  ,135097,29206
21,383,Dhenkanal,1192811,279364
21,383,Dhenkanal,1075305,253446
21,383,Dhenkanal,117506,25918
21,384,Anugul  ,1273821,297050
21,384,Anugul  ,1067275,249733
21,384,Anugul  ,206546,47317
21,385,Nayagarh  ,962789,228315
21,385,Nayagarh  ,883051,210850
21,385,Nayagarh  ,79738,17465
21,386,Khordha ,2251673,494212
21,386,Khordha ,1167357,247304
21,386,Khordha ,1084316,246908
21,387,Puri,1698730,367269
21,387,Puri,1433800,313188
21,387,Puri,264930,54081
21,388,Ganjam,3529031,758267
21,388,Ganjam,2761030,596062
21,388,Ganjam,768001,162205
21,389,Gajapati,577817,128523
21,389,Gajapati,507151,112365
21,389,Gajapati,70666,16158
21,390,Kandhamal,733110,172022
21,390,Kandhamal,660831,155256
21,390,Kandhamal,72279,16766
21,391,Baudh,441162,106961
21,391,Baudh,420738,102402
21,391,Baudh,20424,4559
21,392,Subarnapur,610183,151136
21,392,Subarnapur,560242,139346
21,392,Subarnapur,49941,11790
21,393,Balangir,1648997,414749
21,393,Balangir,1451616,369273
21,393,Balangir,197381,45476
21,394,Nuapada,610382,152210
21,394,Nuapada,576328,144299
21,394,Nuapada,34054,7911
21,395,Kalahandi,1576869,401251
21,395,Kalahandi,1454882,373304
21,395,Kalahandi,121987,27947
21,396,Rayagada  ,967911,226144
21,396,Rayagada  ,820945,191568
21,396,Rayagada  ,146966,34576
21,397,Nabarangapur ,1220946,273423
21,397,Nabarangapur ,1133321,253208
21,397,Nabarangapur ,87625,20215
21,398,Koraput,1379647,337677
21,398,Koraput,1153478,282783
21,398,Koraput,226169,54894
21,399,Malkangiri  ,613192,137599
21,399,Malkangiri  ,563664,126225
21,399,Malkangiri  ,49528,11374
22,400,Koriya,658917,153274
22,400,Koriya,453618,108193
22,400,Koriya,205299,45081
22,401,Surguja,2359886,526049
22,401,Surguja,2116965,476467
22,401,Surguja,242921,49582
22,402,Jashpur ,851669,192570
22,402,Jashpur ,775677,176032
22,402,Jashpur ,75992,16538
22,403,Raigarh,1493984,367962
22,403,Raigarh,1247682,312800
22,403,Raigarh,246302,55162
22,404,Korba ,1206640,280073
22,404,Korba ,760350,180218
22,404,Korba ,446290,99855
22,405,Janjgir - Champa,1619707,364532
22,405,Janjgir - Champa,1394646,316344
22,405,Janjgir - Champa,225061,48188
22,406,Bilaspur,2663629,600822
22,406,Bilaspur,1983759,456635
22,406,Bilaspur,679870,144187
22,407,Kabeerdham,822526,178446
22,407,Kabeerdham,735131,159300
22,407,Kabeerdham,87395,19146
22,408,Rajnandgaon,1537133,318488
22,408,Rajnandgaon,1264621,258688
22,408,Rajnandgaon,272512,59800
22,409,Durg,3343872,701707
22,409,Durg,2059107,424294
22,409,Durg,1284765,277413
22,410,Raipur,4063872,871225
22,410,Raipur,2580583,555578
22,410,Raipur,1483289,315647
22,411,Mahasamund,1032754,248561
22,411,Mahasamund,912602,221535
22,411,Mahasamund,120152,27026
22,412,Dhamtari ,799781,170951
22,412,Dhamtari ,650586,138455
22,412,Dhamtari ,149195,32496
22,413,Uttar Bastar Kanker,748941,160937
22,413,Uttar Bastar Kanker,672180,143139
22,413,Uttar Bastar Kanker,76761,17798
22,414,Bastar,1413199,311538
22,414,Bastar,1219705,268258
22,414,Bastar,193494,43280
22,415,Narayanpur,139820,27982
22,415,Narayanpur,117714,23068
22,415,Narayanpur,22106,4914
22,416,Dakshin Bastar Dantewada,533638,120850
22,416,Dakshin Bastar Dantewada,437405,98275
22,416,Dakshin Bastar Dantewada,96233,22575
22,417,Bijapur,255230,54757
22,417,Bijapur,225630,48289
22,417,Bijapur,29600,6468
23,418,Sheopur ,687861,146043
23,418,Sheopur ,580509,125522
23,418,Sheopur ,107352,20521
23,419,Morena,1965970,362646
23,419,Morena,1495508,284541
23,419,Morena,470462,78105
23,420,Bhind,1703005,299233
23,420,Bhind,1270083,226671
23,420,Bhind,432922,72562
23,421,Gwalior,2032036,383845
23,421,Gwalior,758244,144494
23,421,Gwalior,1273792,239351
23,422,Datia,786754,160215
23,422,Datia,604772,126017
23,422,Datia,181982,34198
23,423,Shivpuri,1726050,359969
23,423,Shivpuri,1430627,304287
23,423,Shivpuri,295423,55682
23,424,Tikamgarh,1445166,296116
23,424,Tikamgarh,1195293,249777
23,424,Tikamgarh,249873,46339
23,425,Chhatarpur,1762375,356297
23,425,Chhatarpur,1363359,281870
23,425,Chhatarpur,399016,74427
23,426,Panna,1016520,228709
23,426,Panna,891185,203539
23,426,Panna,125335,25170
23,427,Sagar,2378458,517850
23,427,Sagar,1669662,379437
23,427,Sagar,708796,138413
23,428,Damoh,1264219,297608
23,428,Damoh,1013668,245928
23,428,Damoh,250551,51680
23,429,Satna,2228935,478741
23,429,Satna,1754517,385786
23,429,Satna,474418,92955
23,430,Rewa,2365106,526065
23,430,Rewa,1969321,450297
23,430,Rewa,395785,75768
23,431,Umaria,644758,145024
23,431,Umaria,534214,121241
23,431,Umaria,110544,23783
23,432,Neemuch ,826067,179746
23,432,Neemuch ,580837,131201
23,432,Neemuch ,245230,48545
23,433,Mandsaur,1340411,286808
23,433,Mandsaur,1062807,230413
23,433,Mandsaur,277604,56395
23,434,Ratlam,1455069,296683
23,434,Ratlam,1020038,211854
23,434,Ratlam,435031,84829
23,435,Ujjain,1986864,391438
23,435,Ujjain,1207651,238950
23,435,Ujjain,779213,152488
23,436,Shajapur,1512681,300025
23,436,Shajapur,1219133,244243
23,436,Shajapur,293548,55782
23,437,Dewas,1563715,308871
23,437,Dewas,1111956,221276
23,437,Dewas,451759,87595
23,438,Dhar,2185793,425914
23,438,Dhar,1772572,339173
23,438,Dhar,413221,86741
23,439,Indore,3276697,649540
23,439,Indore,848988,159400
23,439,Indore,2427709,490140
23,440,Khargone (West Nimar),1873046,367988
23,440,Khargone (West Nimar),1574190,309315
23,440,Khargone (West Nimar),298856,58673
23,441,Barwani ,1385881,243277
23,441,Barwani ,1181812,204644
23,441,Barwani ,204069,38633
23,442,Rajgarh,1545814,345297
23,442,Rajgarh,1269357,292018
23,442,Rajgarh,276457,53279
23,443,Vidisha,1458875,299676
23,443,Vidisha,1119257,232163
23,443,Vidisha,339618,67513
23,444,Bhopal,2371061,501805
23,444,Bhopal,454010,93058
23,444,Bhopal,1917051,408747
23,445,Sehore,1311332,257311
23,445,Sehore,1062870,210468
23,445,Sehore,248462,46843
23,446,Raisen,1331597,278895
23,446,Raisen,1028172,215979
23,446,Raisen,303425,62916
23,447,Betul,1575362,329832
23,447,Betul,1266211,261879
23,447,Betul,309151,67953
23,448,Harda ,570465,113379
23,448,Harda ,451101,89743
23,448,Harda ,119364,23636
23,449,Hoshangabad,1241350,257199
23,449,Hoshangabad,851364,175529
23,449,Hoshangabad,389986,81670
23,450,Katni ,1292042,289551
23,450,Katni ,1028499,233122
23,450,Katni ,263543,56429
23,451,Jabalpur,2463289,539060
23,451,Jabalpur,1023255,237398
23,451,Jabalpur,1440034,301662
23,452,Narsimhapur,1091854,250286
23,452,Narsimhapur,888314,206225
23,452,Narsimhapur,203540,44061
23,453,Dindori ,704524,169630
23,453,Dindori ,672206,162220
23,453,Dindori ,32318,7410
23,454,Mandla,1054905,250146
23,454,Mandla,924716,220815
23,454,Mandla,130189,29331
23,455,Chhindwara,2090922,443361
23,455,Chhindwara,1585739,333149
23,455,Chhindwara,505183,110212
23,456,Seoni,1379131,314767
23,456,Seoni,1215241,278250
23,456,Seoni,163890,36517
23,457,Balaghat,1701698,391836
23,457,Balaghat,1456882,337369
23,457,Balaghat,244816,54467
23,458,Guna,1241519,244401
23,458,Guna,928844,185041
23,458,Guna,312675,59360
23,459,Ashoknagar,845071,172680
23,459,Ashoknagar,691387,142794
23,459,Ashoknagar,153684,29886
23,460,Shahdol,1066063,251452
23,460,Shahdol,846463,205268
23,460,Shahdol,219600,46184
23,461,Anuppur,749237,170715
23,461,Anuppur,543996,126851
23,461,Anuppur,205241,43864
23,462,Sidhi,1127033,238448
23,462,Sidhi,1033912,220074
23,462,Sidhi,93121,18374
23,463,Singrauli,1178273,243925
23,463,Singrauli,951487,197902
23,463,Singrauli,226786,46023
23,464,Jhabua,1025048,194157
23,464,Jhabua,933065,175934
23,464,Jhabua,91983,18223
23,465,Alirajpur,728999,123800
23,465,Alirajpur,671925,113129
23,465,Alirajpur,57074,10671
23,466,Khandwa (East Nimar),1310061,266655
23,466,Khandwa (East Nimar),1050625,216182
23,466,Khandwa (East Nimar),259436,50473
23,467,Burhanpur,757847,146341
23,467,Burhanpur,497560,97842
23,467,Burhanpur,260287,48499
24,468,Kachchh,2092371,445672
24,468,Kachchh,1363836,286001
24,468,Kachchh,728535,159671
24,469,Banas Kantha,3120506,560411
24,469,Banas Kantha,2705591,478438
24,469,Banas Kantha,414915,81973
24,470,Patan  ,1343734,267633
24,470,Patan  ,1062653,209082
24,470,Patan  ,281081,58551
24,471,Mahesana,2035064,424479
24,471,Mahesana,1520734,316536
24,471,Mahesana,514330,107943
24,472,Sabar Kantha,2428589,481414
24,472,Sabar Kantha,2064869,406039
24,472,Sabar Kantha,363720,75375
24,473,Gandhinagar,1391753,289990
24,473,Gandhinagar,791126,161994
24,473,Gandhinagar,600627,127996
24,474,Ahmadabad,7214225,1510134
24,474,Ahmadabad,1151178,228482
24,474,Ahmadabad,6063047,1281652
24,475,Surendranagar,1756268,343213
24,475,Surendranagar,1259352,240804
24,475,Surendranagar,496916,102409
24,476,Rajkot,3804558,786586
24,476,Rajkot,1590508,314961
24,476,Rajkot,2214050,471625
24,477,Jamnagar,2160119,430941
24,477,Jamnagar,1189054,230303
24,477,Jamnagar,971065,200638
24,478,Porbandar ,585449,124556
24,478,Porbandar ,299775,63404
24,478,Porbandar ,285674,61152
24,479,Junagadh,2743082,527326
24,479,Junagadh,1836670,347702
24,479,Junagadh,906412,179624
24,480,Amreli,1514190,294837
24,480,Amreli,1127555,219041
24,480,Amreli,386635,75796
24,481,Bhavnagar,2880365,538605
24,481,Bhavnagar,1697964,302370
24,481,Bhavnagar,1182401,236235
24,482,Anand  ,2092745,427605
24,482,Anand  ,1457758,297658
24,482,Anand  ,634987,129947
24,483,Kheda,2299885,466856
24,483,Kheda,1776276,359691
24,483,Kheda,523609,107165
24,484,Panch Mahals,2390776,446611
24,484,Panch Mahals,2055949,378648
24,484,Panch Mahals,334827,67963
24,485,Dohad  ,2127086,334272
24,485,Dohad  ,1935461,298702
24,485,Dohad  ,191625,35570
24,486,Vadodara,4165626,877106
24,486,Vadodara,2099855,417600
24,486,Vadodara,2065771,459506
24,487,Narmada,590297,122174
24,487,Narmada,528425,108962
24,487,Narmada,61872,13212
24,488,Bharuch,1551019,333483
24,488,Bharuch,1026060,217298
24,488,Bharuch,524959,116185
24,489,The Dangs,228291,44699
24,489,The Dangs,203604,39889
24,489,The Dangs,24687,4810
24,490,Navsari  ,1329672,295131
24,490,Navsari  ,920535,203297
24,490,Navsari  ,409137,91834
24,491,Valsad,1705678,364403
24,491,Valsad,1070177,216948
24,491,Valsad,635501,147455
24,492,Surat,6081322,1333200
24,492,Surat,1232109,269680
24,492,Surat,4849213,1063520
24,493,Tapi,807022,177091
24,493,Tapi,727535,160028
24,493,Tapi,79487,17063
25,494,Diu,52074,10580
25,494,Diu,28083,5331
25,494,Diu,23991,5249
25,495,Daman,191173,50376
25,495,Daman,32313,7413
25,495,Daman,158860,42963
26,496,Dadra & Nagar Haveli,343709,76458
26,496,Dadra & Nagar Haveli,183114,36094
26,496,Dadra & Nagar Haveli,160595,40364
27,497,Nandurbar,1648295,323521
27,497,Nandurbar,1372821,272783
27,497,Nandurbar,275474,50738
27,498,Dhule,2050862,408874
27,498,Dhule,1479826,296717
27,498,Dhule,571036,112157
27,499,Jalgaon,4229917,903643
27,499,Jalgaon,2887206,624570
27,499,Jalgaon,1342711,279073
27,500,Buldana,2586258,561504
27,500,Buldana,2037398,451284
27,500,Buldana,548860,110220
27,501,Akola,1813906,395690
27,501,Akola,1094165,250160
27,501,Akola,719741,145530
27,502,Washim,1197160,259464
27,502,Washim,985747,218403
27,502,Washim,211413,41061
27,503,Amravati,2888445,647451
27,503,Amravati,1851158,430282
27,503,Amravati,1037287,217169
27,504,Wardha,1300774,309846
27,504,Wardha,877474,212493
27,504,Wardha,423300,97353
27,505,Nagpur,4653570,1041544
27,505,Nagpur,1474811,339997
27,505,Nagpur,3178759,701547
27,506,Bhandara,1200334,278076
27,506,Bhandara,966503,224933
27,506,Bhandara,233831,53143
27,507,Gondiya,1322507,292369
27,507,Gondiya,1096577,243840
27,507,Gondiya,225930,48529
27,508,Gadchiroli,1072942,250435
27,508,Gadchiroli,954909,222413
27,508,Gadchiroli,118033,28022
27,509,Chandrapur,2204307,536686
27,509,Chandrapur,1428929,356228
27,509,Chandrapur,775378,180458
27,510,Yavatmal,2772348,646886
27,510,Yavatmal,2174195,515502
27,510,Yavatmal,598153,131384
27,511,Nanded,3361292,665434
27,511,Nanded,2447394,494341
27,511,Nanded,913898,171093
27,512,Hingoli,1177345,228868
27,512,Hingoli,998612,196255
27,512,Hingoli,178733,32613
27,513,Parbhani,1836086,361130
27,513,Parbhani,1266280,256399
27,513,Parbhani,569806,104731
27,514,Jalna,1959046,391701
27,514,Jalna,1581617,320908
27,514,Jalna,377429,70793
27,515,Aurangabad,3701282,751915
27,515,Aurangabad,2081112,420950
27,515,Aurangabad,1620170,330965
27,516,Nashik,6107187,1222887
27,516,Nashik,3509814,677310
27,516,Nashik,2597373,545577
27,517,Thane,11060148,2529165
27,517,Thane,2545470,541599
27,517,Thane,8514678,1987566
27,518,Mumbai Suburban,9356962,2105604
27,518,Mumbai Suburban,0,0
27,518,Mumbai Suburban,9356962,2105604
27,519,Mumbai,3085411,674339
27,519,Mumbai,0,0
27,519,Mumbai,3085411,674339
27,520,Raigarh,2634200,611790
27,520,Raigarh,1664005,381204
27,520,Raigarh,970195,230586
27,521,Pune,9429408,2151503
27,521,Pune,3678226,779972
27,521,Pune,5751182,1371531
27,522,Ahmadnagar,4543159,930024
27,522,Ahmadnagar,3630542,739083
27,522,Ahmadnagar,912617,190941
27,523,Bid,2585049,535835
27,523,Bid,2070751,435588
27,523,Bid,514298,100247
27,524,Latur,2454196,481572
27,524,Latur,1829216,363409
27,524,Latur,624980,118163
27,525,Osmanabad,1657576,351281
27,525,Osmanabad,1376519,296494
27,525,Osmanabad,281057,54787
27,526,Solapur,4317756,873167
27,526,Solapur,2918665,593560
27,526,Solapur,1399091,279607
27,527,Satara,3003741,653735
27,527,Satara,2433363,528587
27,527,Satara,570378,125148
27,528,Ratnagiri,1615069,397115
27,528,Ratnagiri,1351346,335318
27,528,Ratnagiri,263723,61797
27,529,Sindhudurg,849651,209839
27,529,Sindhudurg,742645,183201
27,529,Sindhudurg,107006,26638
27,530,Kolhapur,3876001,840240
27,530,Kolhapur,2645992,568519
27,530,Kolhapur,1230009,271721
27,531,Sangli,2822143,598386
27,531,Sangli,2102786,442436
27,531,Sangli,719357,155950
28,532,Adilabad,2741239,649849
28,532,Adilabad,1980980,473010
28,532,Adilabad,760259,176839
28,533,Nizamabad,2551335,593234
28,533,Nizamabad,1962963,465538
28,533,Nizamabad,588372,127696
28,534,Karimnagar,3776269,976022
28,534,Karimnagar,2825044,743421
28,534,Karimnagar,951225,232601
28,535,Medak,3033288,668626
28,535,Medak,2305417,504567
28,535,Medak,727871,164059
28,536,Hyderabad,3943323,849051
28,536,Hyderabad,0,0
28,536,Hyderabad,3943323,849051
28,537,Rangareddy,5296741,1235341
28,537,Rangareddy,1577569,349140
28,537,Rangareddy,3719172,886201
28,538,Mahbubnagar,4053028,869451
28,538,Mahbubnagar,3445336,743106
28,538,Mahbubnagar,607692,126345
28,539,Nalgonda,3488809,875939
28,539,Nalgonda,2826302,716294
28,539,Nalgonda,662507,159645
28,540,Warangal,3512576,886279
28,540,Warangal,2520243,645197
28,540,Warangal,992333,241082
28,541,Khammam,2797370,754034
28,541,Khammam,2141459,582970
28,541,Khammam,655911,171064
28,542,Srikakulam,2703114,681330
28,542,Srikakulam,2266411,572382
28,542,Srikakulam,436703,108948
28,543,Vizianagaram,2344474,587149
28,543,Vizianagaram,1853563,463526
28,543,Vizianagaram,490911,123623
28,544,Visakhapatnam,4290589,1097042
28,544,Visakhapatnam,2254667,579417
28,544,Visakhapatnam,2035922,517625
28,545,East Godavari,5154296,1428528
28,545,East Godavari,3840324,1073773
28,545,East Godavari,1313972,354755
28,546,West Godavari,3936966,1091525
28,546,West Godavari,3128189,877207
28,546,West Godavari,808777,214318
28,547,Krishna,4517398,1243293
28,547,Krishna,2673738,753922
28,547,Krishna,1843660,489371
28,548,Guntur,4887813,1296609
28,548,Guntur,3235075,877464
28,548,Guntur,1652738,419145
28,549,Prakasam,3397448,860463
28,549,Prakasam,2732866,691813
28,549,Prakasam,664582,168650
28,550,Sri Potti Sriramulu Nellore,2963557,776854
28,550,Sri Potti Sriramulu Nellore,2105927,567120
28,550,Sri Potti Sriramulu Nellore,857630,209734
28,551,Y.S.R.,2882469,706204
28,551,Y.S.R.,1903337,477712
28,551,Y.S.R.,979132,228492
28,552,Kurnool,4053463,887652
28,552,Kurnool,2904177,639120
28,552,Kurnool,1149286,248532
28,553,Anantapur,4081148,968160
28,553,Anantapur,2935437,700366
28,553,Anantapur,1145711,267794
28,554,Chittoor,4174064,1039953
28,554,Chittoor,2942678,737322
28,554,Chittoor,1231386,302631
29,555,Belgaum,4779661,983854
29,555,Belgaum,3568466,719233
29,555,Belgaum,1211195,264621
29,556,Bagalkot ,1889752,361149
29,556,Bagalkot ,1291906,242690
29,556,Bagalkot ,597846,118459
29,557,Bijapur,2177331,408806
29,557,Bijapur,1675353,309751
29,557,Bijapur,501978,99055
29,558,Bidar,1703300,319937
29,558,Bidar,1277348,239979
29,558,Bidar,425952,79958
29,559,Raichur,1928812,363853
29,559,Raichur,1438464,267585
29,559,Raichur,490348,96268
29,560,Koppal,1389920,264595
29,560,Koppal,1156216,217748
29,560,Koppal,233704,46847
29,561,Gadag,1064570,219096
29,561,Gadag,685261,139782
29,561,Gadag,379309,79314
29,562,Dharwad,1847023,382700
29,562,Dharwad,797484,160674
29,562,Dharwad,1049539,222026
29,563,Uttara Kannada,1437169,324530
29,563,Uttara Kannada,1018188,228887
29,563,Uttara Kannada,418981,95643
29,564,Haveri,1597668,330414
29,564,Haveri,1242167,257195
29,564,Haveri,355501,73219
29,565,Bellary,2452595,489118
29,565,Bellary,1532356,295258
29,565,Bellary,920239,193860
29,566,Chitradurga,1659456,357003
29,566,Chitradurga,1329923,283669
29,566,Chitradurga,329533,73334
29,567,Davanagere,1945497,410176
29,567,Davanagere,1316487,275421
29,567,Davanagere,629010,134755
29,568,Shimoga,1752753,406816
29,568,Shimoga,1129026,259456
29,568,Shimoga,623727,147360
29,569,Udupi,1177361,253078
29,569,Udupi,843300,177529
29,569,Udupi,334061,75549
29,570,Chikmagalur,1137961,276085
29,570,Chikmagalur,898453,218247
29,570,Chikmagalur,239508,57838
29,571,Tumkur,2678980,640081
29,571,Tumkur,2079902,497521
29,571,Tumkur,599078,142560
29,572,Bangalore,9621551,2393845
29,572,Bangalore,871607,213207
29,572,Bangalore,8749944,2180638
29,573,Mandya,1805769,428625
29,573,Mandya,1497407,355271
29,573,Mandya,308362,73354
29,574,Hassan,1776421,433453
29,574,Hassan,1399658,341634
29,574,Hassan,376763,91819
29,575,Dakshina Kannada,2089649,439733
29,575,Dakshina Kannada,1093563,225243
29,575,Dakshina Kannada,996086,214490
29,576,Kodagu,554519,142716
29,576,Kodagu,473531,121989
29,576,Kodagu,80988,20727
29,577,Mysore,3001127,700968
29,577,Mysore,1755714,406952
29,577,Mysore,1245413,294016
29,578,Chamarajanagar,1020791,244874
29,578,Chamarajanagar,845817,204137
29,578,Chamarajanagar,174974,40737
29,579,Gulbarga,2566326,471601
29,579,Gulbarga,1730775,312880
29,579,Gulbarga,835551,158721
29,580,Yadgir,1174271,202063
29,580,Yadgir,953594,162187
29,580,Yadgir,220677,39876
29,581,Kolar,1536401,333348
29,581,Kolar,1056328,227058
29,581,Kolar,480073,106290
29,582,Chikkaballapura,1255104,284698
29,582,Chikkaballapura,973985,220987
29,582,Chikkaballapura,281119,63711
29,583,Bangalore Rural,990923,229279
29,583,Bangalore Rural,722179,164814
29,583,Bangalore Rural,268744,64465
29,584,Ramanagara,1082636,260533
29,584,Ramanagara,814877,199673
29,584,Ramanagara,267759,60860
30,585,North Goa,818008,191766
30,585,North Goa,324927,74704
30,585,North Goa,493081,117062
30,586,South Goa,640537,151845
30,586,South Goa,226804,53504
30,586,South Goa,413733,98341
31,587,Lakshadweep,64473,11574
31,587,Lakshadweep,14141,2710
31,587,Lakshadweep,50332,8864
32,588,Kasaragod,1307375,273410
32,588,Kasaragod,798328,169240
32,588,Kasaragod,509047,104170
32,589,Kannur,2523003,554298
32,589,Kannur,882017,202229
32,589,Kannur,1640986,352069
32,590,Wayanad,817420,190894
32,590,Wayanad,785840,183375
32,590,Wayanad,31580,7519
32,591,Kozhikode,3086293,697710
32,591,Kozhikode,1013721,235703
32,591,Kozhikode,2072572,462007
32,592,Malappuram,4112920,793999
32,592,Malappuram,2295709,448037
32,592,Malappuram,1817211,345962
32,593,Palakkad,2809934,637220
32,593,Palakkad,2133124,482285
32,593,Palakkad,676810,154935
32,594,Thrissur,3121200,759210
32,594,Thrissur,1024794,250877
32,594,Thrissur,2096406,508333
32,595,Ernakulam,3282388,814011
32,595,Ernakulam,1048025,259915
32,595,Ernakulam,2234363,554096
32,596,Idukki ,1108974,279812
32,596,Idukki ,1056929,267208
32,596,Idukki ,52045,12604
32,597,Kottayam,1974551,487296
32,597,Kottayam,1409158,346899
32,597,Kottayam,565393,140397
32,598,Alappuzha,2127789,535958
32,598,Alappuzha,979643,248616
32,598,Alappuzha,1148146,287342
32,599,Pathanamthitta,1197412,322684
32,599,Pathanamthitta,1065799,287615
32,599,Pathanamthitta,131613,35069
32,600,Kollam,2635375,669375
32,600,Kollam,1448217,376679
32,600,Kollam,1187158,292696
32,601,Thiruvananthapuram,3301427,837877
32,601,Thiruvananthapuram,1529831,390963
32,601,Thiruvananthapuram,1771596,446914
33,602,Thiruvallur,3728104,946949
33,602,Thiruvallur,1299709,331697
33,602,Thiruvallur,2428395,615252
33,603,Chennai,4646732,1154982
33,603,Chennai,0,0
33,603,Chennai,4646732,1154982
33,604,Kancheepuram,3998252,1006245
33,604,Kancheepuram,1459916,361365
33,604,Kancheepuram,2538336,644880
33,605,Vellore,3936331,929281
33,605,Vellore,2234344,536706
33,605,Vellore,1701987,392575
33,606,Tiruvannamalai,2464875,588836
33,606,Tiruvannamalai,1969930,472689
33,606,Tiruvannamalai,494945,116147
33,607,Viluppuram,3458873,800368
33,607,Viluppuram,2939785,678847
33,607,Viluppuram,519088,121521
33,608,Salem,3482056,915967
33,608,Salem,1707934,452023
33,608,Salem,1774122,463944
33,609,Namakkal   ,1726601,475511
33,609,Namakkal   ,1030476,283248
33,609,Namakkal   ,696125,192263
33,610,Erode,2251744,658071
33,610,Erode,1093768,323502
33,610,Erode,1157976,334569
33,611,The Nilgiris,735394,197653
33,611,The Nilgiris,299739,83021
33,611,The Nilgiris,435655,114632
33,612,Dindigul,2159775,560773
33,612,Dindigul,1351735,350970
33,612,Dindigul,808040,209803
33,613,Karur ,1064493,287095
33,613,Karur ,629976,168396
33,613,Karur ,434517,118699
33,614,Tiruchirappalli,2722290,698404
33,614,Tiruchirappalli,1384257,357244
33,614,Tiruchirappalli,1338033,341160
33,615,Perambalur  ,565223,149243
33,615,Perambalur  ,468060,123945
33,615,Perambalur  ,97163,25298
33,616,Ariyalur  ,754894,197090
33,616,Ariyalur  ,671100,175903
33,616,Ariyalur  ,83794,21187
33,617,Cuddalore,2605914,635578
33,617,Cuddalore,1720725,423473
33,617,Cuddalore,885189,212105
33,618,Nagapattinam  ,1616450,413837
33,618,Nagapattinam  ,1251826,323350
33,618,Nagapattinam  ,364624,90487
33,619,Thiruvarur,1264277,327219
33,619,Thiruvarur,1006482,261999
33,619,Thiruvarur,257795,65220
33,620,Thanjavur,2405890,605363
33,620,Thanjavur,1554531,391202
33,620,Thanjavur,851359,214161
33,621,Pudukkottai,1618345,387679
33,621,Pudukkottai,1301991,310285
33,621,Pudukkottai,316354,77394
33,622,Sivaganga,1339101,338938
33,622,Sivaganga,926256,234513
33,622,Sivaganga,412845,104425
33,623,Madurai,3038252,794887
33,623,Madurai,1191451,315036
33,623,Madurai,1846801,479851
33,624,Theni  ,1245899,338112
33,624,Theni  ,575418,156719
33,624,Theni  ,670481,181393
33,625,Virudhunagar,1942288,537748
33,625,Virudhunagar,962062,265002
33,625,Virudhunagar,980226,272746
33,626,Ramanathapuram,1353445,323905
33,626,Ramanathapuram,942746,228764
33,626,Ramanathapuram,410699,95141
33,627,Thoothukkudi,1750176,462010
33,627,Thoothukkudi,873374,235449
33,627,Thoothukkudi,876802,226561
33,628,Tirunelveli ,3077233,815528
33,628,Tirunelveli ,1557004,419057
33,628,Tirunelveli ,1520229,396471
33,629,Kanniyakumari,1870374,483539
33,629,Kanniyakumari,330572,85478
33,629,Kanniyakumari,1539802,398061
33,630,Dharmapuri,1506843,375873
33,630,Dharmapuri,1245931,310409
33,630,Dharmapuri,260912,65464
33,631,Krishnagiri,1879809,448053
33,631,Krishnagiri,1451446,342859
33,631,Krishnagiri,428363,105194
33,632,Coimbatore,3458045,958035
33,632,Coimbatore,839105,242157
33,632,Coimbatore,2618940,715878
33,633,Tiruppur,2479052,712210
33,633,Tiruppur,957941,283187
33,633,Tiruppur,1521111,429023
34,634,Yanam,55626,13812
34,634,Yanam,0,0
34,634,Yanam,55626,13812
34,635,Puducherry,950289,231513
34,635,Puducherry,293080,69497
34,635,Puducherry,657209,162016
34,636,Mahe,41816,7420
34,636,Mahe,0,0
34,636,Mahe,41816,7420
34,637,Karaikal,200222,49705
34,637,Karaikal,102120,25521
34,637,Karaikal,98102,24184
35,638,Nicobars,36842,9288
35,638,Nicobars,36842,9288
35,638,Nicobars,0,0
35,639,North  & Middle Andaman,105597,26199
35,639,North  & Middle Andaman,102856,25475
35,639,North  & Middle Andaman,2741,724
35,640,South Andaman,238142,59064
35,640,South Andaman,97395,23767
35,640,South Andaman,140747,35297
