state_code,resource_id,quantity
1,R1,90313884.0
1,R2,31616208.0
1,R3,27102754.0
1,R4,7238230.0
1,R5,451487416.0
1,R6,1354460616.0
1,R7,180594749.0
1,R8,538779.0
1,R9,610476.0
1,R10,34613992.0
1,R11,28594164.0
1,R12,0.0
1,R13,0.0
1,R14,30100.0
1,R15,4620.0
1,R16,12037.0
1,R17,902966.0
1,R18,1203967.0
1,R19,7524781.0
1,R20,601981.0
1,R21,20068.0
1,R22,5298.360000000001
1,R23,24079.0
1,R24,10536.0
1,R25,31054.0
1,R26,0.0
1,R27,296.0
1,R28,148.0
1,R29,6046.0
1,R30,12444.0
1,R31,1184.0
1,R32,846.0
1,R33,134.61278045
1,R34,3019.0
1,R35,217.0
1,R36,326.0
1,R37,0.0
1,R38,59.0
1,R39,60198250.0
1,R40,36124028.0
1,R41,50181.0
1,R42,1526197.0
1,R43,22574344.0
1,R44,0.0
1,R45,7485.0
1,R46,224.0
1,R47,10038.0
1,R48,601981.0
1,R49,610476.0
1,R50,54178426.0
1,R51,16557475.0
1,R52,6019824.0
1,R53,541.0
1,R54,754276.0
1,R55,7188.0
1,R56,15144.0
10,R1,749516054.0
10,R2,262330620.0
10,R3,224854813.0
10,R4,59961288.0
10,R5,3747580272.0
10,R6,11242740816.0
10,R7,1499816885.0
10,R8,4085328.0
10,R9,5447104.0
10,R10,287314492.0
10,R11,237358640.0
10,R12,0.0
10,R13,0.0
10,R14,249840.0
10,R15,37758.0
10,R16,99935.0
10,R17,7502907.0
10,R18,9993551.0
10,R19,62466028.0
10,R20,4996766.0
10,R21,166563.0
10,R22,0.0
10,R23,199865.0
10,R24,87446.0
10,R25,262682.0
10,R26,18946.4
10,R27,1004.0
10,R28,837.76
10,R29,39978.4
10,R30,96334.8
10,R31,3784.8
10,R32,6813.6
10,R33,2053.0191184
10,R34,28237.0
10,R35,2009.0
10,R36,9602.0
10,R37,1517.0
10,R38,2536.0
10,R39,499677370.0
10,R40,299806418.0
10,R41,453929.0
10,R42,13630345.0
10,R43,187379015.0
10,R44,6462.0
10,R45,47005.8
10,R46,1518.0
10,R47,83284.0
10,R48,4996766.0
10,R49,5451501.0
10,R50,449729636.0
10,R51,137411280.0
10,R52,49967734.0
10,R53,1958.0
10,R54,6265144.0
10,R55,64737.0
10,R56,123484.0
11,R1,4396253.0
11,R2,1538652.0
11,R3,1318846.0
11,R4,351694.0
11,R5,21980772.0
11,R6,65942316.0
11,R7,8792309.0
11,R8,27866.0
11,R9,37153.0
11,R10,1685466.0
11,R11,1392118.0
11,R12,0.0
11,R13,0.0
11,R14,1465.0
11,R15,231.0
11,R16,596.0
11,R17,44026.0
11,R18,58614.0
11,R19,366347.0
11,R20,29339.0
11,R21,976.0
11,R22,289.6
11,R23,1172.0
11,R24,512.0
11,R25,1465.0
11,R26,240.0
11,R27,7.0
11,R28,1.0
11,R29,292.0
11,R30,561.0
11,R31,18.0
11,R32,71.0
11,R33,0.0
11,R34,209.0
11,R35,7.0
11,R36,130.0
11,R37,0.0
11,R38,0.0
11,R39,2930770.0
11,R40,1758462.0
11,R41,3096.0
11,R42,92885.0
11,R43,1099038.0
11,R44,18.0
11,R45,366.0
11,R46,1.0
11,R47,491.0
11,R48,29449.0
11,R49,37153.0
11,R50,2637888.0
11,R51,805962.0
11,R52,293077.0
11,R53,27.0
11,R54,36635.0
11,R55,326.0
11,R56,667.0
12,R1,9962834.0
12,R2,3487154.0
12,R3,2988850.0
12,R4,797024.0
12,R5,49814172.0
12,R6,149442516.0
12,R7,20010241.0
12,R8,59429.0
12,R9,77924.0
12,R10,3820520.0
12,R11,3154900.0
12,R12,0.0
12,R13,0.0
12,R14,3319.0
12,R15,679.0
12,R16,1327.0
12,R17,99806.0
12,R18,132839.0
12,R19,830238.0
12,R20,66424.0
12,R21,2220.0
12,R22,503.2
12,R23,2657.0
12,R24,1219.0
12,R25,3396.0
12,R26,764.0
12,R27,15.0
12,R28,0.0
12,R29,672.0
12,R30,1394.0
12,R31,161.0
12,R32,237.0
12,R33,0.0
12,R34,647.0
12,R35,40.0
12,R36,298.0
12,R37,0.0
12,R38,0.0
12,R39,6641890.0
12,R40,3985134.0
12,R41,6493.0
12,R42,194815.0
12,R43,2490707.0
12,R44,173.0
12,R45,1239.0
12,R46,1.0
12,R47,1216.0
12,R48,66424.0
12,R49,77924.0
12,R50,5977700.0
12,R51,1826519.0
12,R52,664189.0
12,R53,41.0
12,R54,83168.0
12,R55,778.0
12,R56,1510.0
13,R1,14245214.0
13,R2,4985825.0
13,R3,4273565.0
13,R4,1139616.0
13,R5,71226072.0
13,R6,213681168.0
13,R7,28490429.0
13,R8,85535.0
13,R9,114163.0
13,R10,5460666.0
13,R11,4511448.0
13,R12,0.0
13,R13,0.0
13,R14,4769.0
13,R15,783.0
13,R16,1902.0
13,R17,142454.0
13,R18,189940.0
13,R19,1187104.0
13,R20,94966.0
13,R21,3168.0
13,R22,732.84
13,R23,3799.0
13,R24,1680.0
13,R25,4750.0
13,R26,764.0
13,R27,115.0
13,R28,8.0
13,R29,960.0
13,R30,1645.0
13,R31,260.0
13,R32,416.0
13,R33,0.0
13,R34,605.0
13,R35,20.0
13,R36,195.0
13,R37,0.0
13,R38,1.0
13,R39,9496810.0
13,R40,5698086.0
13,R41,9506.0
13,R42,285121.0
13,R43,3561682.0
13,R44,348.0
13,R45,1199.0
13,R46,64.0
13,R47,1580.0
13,R48,94966.0
13,R49,114052.0
13,R50,8547946.0
13,R51,2611620.0
13,R52,949681.0
13,R53,146.0
13,R54,118708.0
13,R55,1109.0
13,R56,2156.0
14,R1,20561717.0
14,R2,7196602.0
14,R3,6168515.0
14,R4,1644937.0
14,R5,102808584.0
14,R6,308425752.0
14,R7,41123434.0
14,R8,120496.0
14,R9,160662.0
14,R10,7881991.0
14,R11,6511210.0
14,R12,0.0
14,R13,0.0
14,R14,6852.0
14,R15,968.0
14,R16,2743.0
14,R17,205615.0
14,R18,274156.0
14,R19,1713479.0
14,R20,137080.0
14,R21,4568.0
14,R22,1369.2
14,R23,5482.0
14,R24,2400.0
14,R25,6921.0
14,R26,620.0
14,R27,70.0
14,R28,53.0
14,R29,1369.0
14,R30,2456.0
14,R31,239.0
14,R32,238.0
14,R33,12.815777274
14,R34,704.0
14,R35,64.0
14,R36,150.0
14,R37,0.0
14,R38,27.0
14,R39,13707811.0
14,R40,8224687.0
14,R41,13390.0
14,R42,401656.0
14,R43,5140427.0
14,R44,402.0
14,R45,1518.0
14,R46,79.0
14,R47,2281.0
14,R48,137080.0
14,R49,160662.0
14,R50,12337030.0
14,R51,3769646.0
14,R52,1370782.0
14,R53,145.0
14,R54,171349.0
14,R55,1559.0
14,R56,3403.0
15,R1,7899883.0
15,R2,2764960.0
15,R3,2369965.0
15,R4,631990.0
15,R5,39499416.0
15,R6,118498248.0
15,R7,15799766.0
15,R8,48139.0
15,R9,64181.0
15,R10,3028289.0
15,R11,2501628.0
15,R12,0.0
15,R13,0.0
15,R14,2634.0
15,R15,582.0
15,R16,1056.0
15,R17,79000.0
15,R18,105332.0
15,R19,658326.0
15,R20,52666.0
15,R21,1758.0
15,R22,390.96
15,R23,2107.0
15,R24,933.0
15,R25,2704.0
15,R26,474.0
15,R27,22.0
15,R28,28.0
15,R29,539.0
15,R30,1153.0
15,R31,130.0
15,R32,50.0
15,R33,0.8618329532
15,R34,318.0
15,R35,39.0
15,R36,27.0
15,R37,0.0
15,R38,1.0
15,R39,5266589.0
15,R40,3159955.0
15,R41,5347.0
15,R42,160452.0
15,R43,1974968.0
15,R44,268.0
15,R45,663.0
15,R46,18.0
15,R47,882.0
15,R48,52666.0
15,R49,64181.0
15,R50,4739928.0
15,R51,1448530.0
15,R52,526661.0
15,R53,55.0
15,R54,65966.0
15,R55,622.0
15,R56,1302.0
16,R1,26452202.0
16,R2,9258271.0
16,R3,7935660.0
16,R4,2116174.0
16,R5,132261012.0
16,R6,396783036.0
16,R7,52904405.0
16,R8,184800.0
16,R9,246402.0
16,R10,10140011.0
16,R11,8376530.0
16,R12,0.0
16,R13,0.0
16,R14,8818.0
16,R15,1129.0
16,R16,3524.0
16,R17,264522.0
16,R18,352696.0
16,R19,2204579.0
16,R20,176350.0
16,R21,5878.0
16,R22,577.24109
16,R23,7052.0
16,R24,3086.0
16,R25,8818.0
16,R26,745.0
16,R27,183.0
16,R28,128.0
16,R29,1780.0
16,R30,2946.0
16,R31,293.0
16,R32,149.0
16,R33,57.79487634
16,R34,894.0
16,R35,166.0
16,R36,78.0
16,R37,1.0
16,R38,67.0
16,R39,17634802.0
16,R40,10580880.0
16,R41,20532.0
16,R42,616327.0
16,R43,6613049.0
16,R44,488.0
16,R45,1774.0
16,R46,234.0
16,R47,2942.0
16,R48,176350.0
16,R49,246706.0
16,R50,15871322.0
16,R51,4849572.0
16,R52,1763479.0
16,R53,273.0
16,R54,220435.0
16,R55,1958.0
16,R56,4007.0
17,R1,21361601.0
17,R2,7476761.0
17,R3,6408481.0
17,R4,1708928.0
17,R5,106808004.0
17,R6,320428544.0
17,R7,42723202.0
17,R8,118384.0
17,R9,157837.0
17,R10,8188614.0
17,R11,6764504.0
17,R12,0.0
17,R13,0.0
17,R14,7141.0
17,R15,913.0
17,R16,2846.0
17,R17,213619.0
17,R18,285172.0
17,R19,1780133.0
17,R20,142411.0
17,R21,4747.0
17,R22,466.48524999999995
17,R23,5696.0
17,R24,2491.0
17,R25,7212.0
17,R26,736.0
17,R27,176.0
17,R28,125.0
17,R29,1439.0
17,R30,2369.0
17,R31,58.0
17,R32,102.0
17,R33,22.547119135
17,R34,731.0
17,R35,119.0
17,R36,93.0
17,R37,0.0
17,R38,71.0
17,R39,14241067.0
17,R40,8544640.0
17,R41,13153.0
17,R42,394746.0
17,R43,5340401.0
17,R44,412.0
17,R45,1435.0
17,R46,133.0
17,R47,2373.0
17,R48,142899.0
17,R49,157837.0
17,R50,12816961.0
17,R51,3916297.0
17,R52,1424106.0
17,R53,69.0
17,R54,178013.0
17,R55,1634.0
17,R56,3238.0
18,R1,224680147.0
18,R2,78638048.0
18,R3,67404044.0
18,R4,17974411.0
18,R5,1123400736.0
18,R6,3370202208.0
18,R7,449360294.0
18,R8,1383800.0
18,R9,1848320.0
18,R10,86127385.0
18,R11,71148716.0
18,R12,0.0
18,R13,0.0
18,R14,74892.0
18,R15,11190.0
18,R16,29960.0
18,R17,2248762.0
18,R18,2995733.0
18,R19,18723340.0
18,R20,1497869.0
18,R21,53343.0
18,R22,0.0
18,R23,59911.0
18,R24,26209.0
18,R25,77779.0
18,R26,7151.0
18,R27,1329.0
18,R28,904.48
18,R29,15033.0
18,R30,28392.0
18,R31,1639.0
18,R32,1422.0
18,R33,696.99352374
18,R34,8446.0
18,R35,3334.0
18,R36,1330.0
18,R37,212.0
18,R38,1087.0
18,R39,149798342.0
18,R40,89872061.0
18,R41,153757.0
18,R42,4616474.0
18,R43,56170223.0
18,R44,4839.0
18,R45,22823.0
18,R46,2090.0
18,R47,24970.0
18,R48,1507456.0
18,R49,1845065.0
18,R50,134808086.0
18,R51,41191363.0
18,R52,14978678.0
18,R53,788.0
18,R54,1878020.0
18,R55,18884.0
18,R56,36919.0
19,R1,646395962.0
19,R2,226238587.0
19,R3,193918792.0
19,R4,51711679.0
19,R5,3231979812.0
19,R6,9695939436.0
19,R7,1292791925.0
19,R8,4328350.0
19,R9,5771135.0
19,R10,247785117.0
19,R11,204692054.0
19,R12,0.0
19,R13,0.0
19,R14,215466.0
19,R15,27006.0
19,R16,86190.0
19,R17,6463960.0
19,R18,8618612.0
19,R19,53866330.0
19,R20,4309306.0
19,R21,151591.0
19,R22,0.0
19,R23,172373.0
19,R24,81315.0
19,R25,215466.0
19,R26,18701.6
19,R27,1027.0
19,R28,855.2
19,R29,34482.4
19,R30,71871.0
19,R31,2015.0
19,R32,2239.0
19,R33,1787.4491781
19,R34,26336.0
19,R35,1816.0
19,R36,1483.0
19,R37,477.0
19,R38,2060.8
19,R39,430930642.0
19,R40,258558386.0
19,R41,480927.0
19,R42,14430387.0
19,R43,161612803.0
19,R44,3909.0
19,R45,43095.0
19,R46,4470.6
19,R47,74461.0
19,R48,4309306.0
19,R49,5771135.0
19,R50,387868068.0
19,R51,118519950.0
19,R52,43093065.0
19,R53,1583.0
19,R54,5386634.0
19,R55,50912.0
19,R56,97937.0
2,R1,49147490.0
2,R2,17201623.0
2,R3,14744248.0
2,R4,3931797.0
2,R5,245737452.0
2,R6,737212356.0
2,R7,98294981.0
2,R8,318472.0
2,R9,424625.0
2,R10,18839872.0
2,R11,15563371.0
2,R12,0.0
2,R13,0.0
2,R14,16382.0
2,R15,2270.0
2,R16,6558.0
2,R17,491474.0
2,R18,655300.0
2,R19,4095622.0
2,R20,327649.0
2,R21,11511.0
2,R22,1073.21754
2,R23,13105.0
2,R24,5734.0
2,R25,16624.0
2,R26,1335.0
2,R27,240.0
2,R28,93.0
2,R29,3291.0
2,R30,6086.0
2,R31,468.0
2,R32,265.0
2,R33,219.41745974
2,R34,1641.0
2,R35,484.0
2,R36,349.0
2,R37,2.0
2,R38,57.0
2,R39,32764994.0
2,R40,19658996.0
2,R41,35386.0
2,R42,1062860.0
2,R43,12286875.0
2,R44,264.0
2,R45,3693.0
2,R46,118.0
2,R47,5973.0
2,R48,327649.0
2,R49,424625.0
2,R50,29488494.0
2,R51,9013091.0
2,R52,3276500.0
2,R53,228.0
2,R54,410018.0
2,R55,3766.0
2,R56,8239.0
20,R1,237514565.0
20,R2,83130101.0
20,R3,71254374.0
20,R4,19001170.0
20,R5,1187572824.0
20,R6,3562718472.0
20,R7,475029130.0
20,R8,1351034.0
20,R9,1801381.0
20,R10,91047251.0
20,R11,75227601.0
20,R12,0.0
20,R13,0.0
20,R14,79166.0
20,R15,11878.0
20,R16,31670.0
20,R17,2378382.0
20,R18,3166860.0
20,R19,19794879.0
20,R20,1583431.0
20,R21,52782.0
20,R22,0.0
20,R23,63335.0
20,R24,27781.0
20,R25,83260.0
20,R26,8126.0
20,R27,2465.0
20,R28,166.0
20,R29,15842.0
20,R30,33115.0
20,R31,4025.0
20,R32,2555.0
20,R33,1080.6113894999999
20,R34,10249.0
20,R35,2706.0
20,R36,1617.0
20,R37,25.0
20,R38,685.8399999999999
20,R39,158343043.0
20,R40,95017068.0
20,R41,150113.0
20,R42,4510780.0
20,R43,59378645.0
20,R44,6280.0
20,R45,19061.0
20,R46,2853.6
20,R47,26389.0
20,R48,1583431.0
20,R49,1804475.0
20,R50,142518556.0
20,R51,43544339.0
20,R52,15834307.0
20,R53,996.0
20,R54,1987007.0
20,R55,20104.0
20,R56,38718.0
21,R1,302214370.0
21,R2,105780651.0
21,R3,90664306.0
21,R4,24177150.0
21,R5,1511071848.0
21,R6,4533215544.0
21,R7,604428739.0
21,R8,2081765.0
21,R9,2779276.0
21,R10,115877993.0
21,R11,95722844.0
21,R12,0.0
21,R13,0.0
21,R14,101222.0
21,R15,15784.0
21,R16,40289.0
21,R17,3022141.0
21,R18,4039197.0
21,R19,25185925.0
21,R20,2014766.0
21,R21,69301.0
21,R22,0.0
21,R23,80590.0
21,R24,35264.0
21,R25,104572.0
21,R26,8167.0
21,R27,3263.0
21,R28,808.0
21,R29,20164.0
21,R30,45170.0
21,R31,4200.8
21,R32,3847.0
21,R33,270.7398494
21,R34,10193.0
21,R35,3704.0
21,R36,2540.0
21,R37,288.0
21,R38,1152.0
21,R39,201497249.0
21,R40,120894618.0
21,R41,231310.0
21,R42,6948818.0
21,R43,75559653.0
21,R44,1982.0
21,R45,22644.0
21,R46,2812.0
21,R47,35447.0
21,R48,2028160.0
21,R49,2782011.0
21,R50,181338641.0
21,R51,55415287.0
21,R52,20147620.0
21,R53,1719.0
21,R54,2521531.0
21,R55,25576.0
21,R56,48281.0
22,R1,183925426.0
22,R2,64375436.0
22,R3,55177627.0
22,R4,14714034.0
22,R5,919627128.0
22,R6,2758881384.0
22,R7,367850851.0
22,R8,1220554.0
22,R9,1627414.0
22,R10,70504745.0
22,R11,58243050.0
22,R12,0.0
22,R13,0.0
22,R14,61314.0
22,R15,8833.0
22,R16,24526.0
22,R17,1839256.0
22,R18,2455107.0
22,R19,15328331.0
22,R20,1226171.0
22,R21,40871.0
22,R22,0.0
22,R23,49048.0
22,R24,21481.0
22,R25,63904.0
22,R26,4971.0
22,R27,1642.0
22,R28,370.0
22,R29,12283.0
22,R30,23601.0
22,R31,4052.0
22,R32,1883.0
22,R33,226.43836062
22,R34,6156.0
22,R35,2107.0
22,R36,840.0
22,R37,104.0
22,R38,642.4
22,R39,122616950.0
22,R40,73574413.0
22,R41,135618.0
22,R42,4074203.0
22,R43,45981358.0
22,R44,1158.0
22,R45,14248.0
22,R46,1562.0
22,R47,20445.0
22,R48,1233231.0
22,R49,1628937.0
22,R50,110355259.0
22,R51,33723676.0
22,R52,12261691.0
22,R53,728.0
22,R54,1535161.0
22,R55,14749.0
22,R56,29854.0
23,R1,522913025.0
23,R2,183026267.0
23,R3,156873908.0
23,R4,41833042.0
23,R5,2614565124.0
23,R6,7843695372.0
23,R7,1045826050.0
23,R8,3260146.0
23,R9,4346857.0
23,R10,200471197.0
23,R11,165589122.0
23,R12,0.0
23,R13,0.0
23,R14,174304.0
23,R15,29862.0
23,R16,69725.0
23,R17,5232771.0
23,R18,6988188.0
23,R19,43576082.0
23,R20,3486077.0
23,R21,122119.0
23,R22,0.0
23,R23,139438.0
23,R24,61009.0
23,R25,184357.0
23,R26,18683.0
23,R27,1705.0
23,R28,0.0
23,R29,34876.0
23,R30,64496.0
23,R31,3240.0
23,R32,3454.0
23,R33,774.41144695
23,R34,18866.0
23,R35,1808.0
23,R36,3181.6
23,R37,443.2
23,R38,994.56
23,R39,348608683.0
23,R40,209185108.0
23,R41,362234.0
23,R42,10876862.0
23,R43,130728259.0
23,R44,2696.0
23,R45,38524.8
23,R46,2031.2
23,R47,63739.0
23,R48,3510063.0
23,R49,4346857.0
23,R50,313765323.0
23,R51,95873281.0
23,R52,34860864.0
23,R53,2050.0
23,R54,4373641.0
23,R55,48370.0
23,R56,85191.0
24,R1,435165782.0
24,R2,152309918.0
24,R3,130549733.0
24,R4,34813259.0
24,R5,2175828912.0
24,R6,6527486736.0
24,R7,870331565.0
24,R8,2645657.0
24,R9,3527550.0
24,R10,166839157.0
24,R11,137802498.0
24,R12,0.0
24,R13,0.0
24,R14,145061.0
24,R15,19058.0
24,R16,58019.0
24,R17,4358240.0
24,R18,5814711.0
24,R19,36263816.0
24,R20,2901104.0
24,R21,96697.0
24,R22,0.0
24,R23,116042.0
24,R24,50766.0
24,R25,122040.0
24,R26,14182.0
24,R27,816.0
24,R28,928.64
24,R29,29028.0
24,R30,61809.0
24,R31,1703.0
24,R32,2633.0
24,R33,700.08138139
24,R34,16172.0
24,R35,1460.0
24,R36,2132.0
24,R37,472.0
24,R38,913.6
24,R39,290110522.0
24,R40,174089911.0
24,R41,293963.0
24,R42,8823268.0
24,R43,108791444.0
24,R44,2000.0
24,R45,32044.0
24,R46,1802.0
24,R47,48361.0
24,R48,2912647.0
24,R49,3527550.0
24,R50,261099473.0
24,R51,79787167.0
24,R52,29011049.0
24,R53,2075.0
24,R54,3632835.0
24,R55,36758.0
24,R56,69273.0
25,R1,1751378.0
25,R2,612984.0
25,R3,525415.0
25,R4,140111.0
25,R5,8756892.0
25,R6,26270676.0
25,R7,3502757.0
25,R8,13166.0
25,R9,17557.0
25,R10,671362.0
25,R11,554602.0
25,R12,10740.0
25,R13,14629.0
25,R14,583.0
25,R15,90.0
25,R16,234.0
25,R17,17513.0
25,R18,23352.0
25,R19,145948.0
25,R20,11675.0
25,R21,390.0
25,R22,115.6
25,R23,467.0
25,R24,222.0
25,R25,583.0
25,R26,59.0
25,R27,2.0
25,R28,0.0
25,R29,127.0
25,R30,208.0
25,R31,8.0
25,R32,18.0
25,R33,0.0
25,R34,93.0
25,R35,16.0
25,R36,20.0
25,R37,0.0
25,R38,0.0
25,R39,1167586.0
25,R40,700553.0
25,R41,1463.0
25,R42,43889.0
25,R43,437845.0
25,R44,12.0
25,R45,124.0
25,R46,1.0
25,R47,194.0
25,R48,11675.0
25,R49,17557.0
25,R50,1050826.0
25,R51,321086.0
25,R52,116866.0
25,R53,8.0
25,R54,14596.0
25,R55,128.0
25,R56,272.0
26,R1,2474705.0
26,R2,866147.0
26,R3,742412.0
26,R4,197976.0
26,R5,12373524.0
26,R6,37120572.0
26,R7,4949410.0
26,R8,16514.0
26,R9,22020.0
26,R10,948636.0
26,R11,783656.0
26,R12,3299.0
26,R13,11651.0
26,R14,826.0
26,R15,109.0
26,R16,329.0
26,R17,24746.0
26,R18,32996.0
26,R19,206225.0
26,R20,16498.0
26,R21,550.0
26,R22,131.12
26,R23,659.0
26,R24,288.0
26,R25,826.0
26,R26,68.0
26,R27,4.0
26,R28,1.0
26,R29,169.0
26,R30,278.0
26,R31,7.0
26,R32,18.0
26,R33,0.0
26,R34,89.0
26,R35,4.0
26,R36,5.0
26,R37,0.0
26,R38,0.0
26,R39,1649803.0
26,R40,989882.0
26,R41,1836.0
26,R42,55049.0
26,R43,618677.0
26,R44,7.0
26,R45,166.0
26,R46,2.0
26,R47,276.0
26,R48,16498.0
26,R49,22020.0
26,R50,1484822.0
26,R51,453696.0
26,R52,164981.0
26,R53,8.0
26,R54,20623.0
26,R55,184.0
26,R56,374.0
27,R1,779233502.0
27,R2,272731725.0
27,R3,233770044.0
27,R4,62338688.0
27,R5,3896167512.0
27,R6,11688502536.0
27,R7,1558467005.0
27,R8,5074894.0
27,R9,6773842.0
27,R10,298706176.0
27,R11,246791958.0
27,R12,0.0
27,R13,0.0
27,R14,260035.0
27,R15,44678.0
27,R16,103898.0
27,R17,7792330.0
27,R18,10389774.0
27,R19,64936122.0
27,R20,5194889.0
27,R21,173165.0
27,R22,0.0
27,R23,207796.0
27,R24,90926.0
27,R25,212197.6
27,R26,16645.6
27,R27,2779.0
27,R28,566.3113344000006
27,R29,50756.0
27,R30,78132.0
27,R31,3960.8
27,R32,6075.2
27,R33,854.56496599
27,R34,26010.0
27,R35,1577.0
27,R36,3640.8
27,R37,182.0
27,R38,737.0
27,R39,519489002.0
27,R40,311702427.0
27,R41,563876.0
27,R42,16916302.0
27,R43,194821953.0
27,R44,5244.0
27,R45,60858.4
27,R46,1311.0
27,R47,86584.0
27,R48,5201210.0
27,R49,6766524.0
27,R50,467540105.0
27,R51,142859478.0
27,R52,51948897.0
27,R53,2327.0
27,R54,6506930.0
27,R55,60762.0
27,R56,127084.0
28,R1,599517619.0
28,R2,209831166.0
28,R3,179855285.0
28,R4,47961412.0
28,R5,2997588096.0
28,R6,8992764288.0
28,R7,1199035238.0
28,R8,4479748.0
28,R9,5978095.0
28,R10,229815086.0
28,R11,189847247.0
28,R12,0.0
28,R13,0.0
28,R14,201143.0
28,R15,29000.0
28,R16,79933.0
28,R17,6000270.0
28,R18,7993570.0
28,R19,49959802.0
28,R20,3996782.0
28,R21,133228.0
28,R22,0.0
28,R23,159868.0
28,R24,69946.0
28,R25,165339.2
28,R26,16724.0
28,R27,1385.0
28,R28,380.928
28,R29,31977.6
28,R30,65003.2
28,R31,4218.0
28,R32,5026.0
28,R33,494.24303979
28,R34,22555.0
28,R35,1715.0
28,R36,3200.0
28,R37,152.0
28,R38,555.0
28,R39,399678413.0
28,R40,239817163.0
28,R41,497745.0
28,R42,14946437.0
28,R43,149879404.0
28,R44,2883.2
28,R45,37984.8
28,R46,874.0
28,R47,66615.0
28,R48,3996782.0
28,R49,5972998.0
28,R50,359710572.0
28,R51,109911564.0
28,R52,39967841.0
28,R53,1715.0
28,R54,5008893.0
28,R55,49865.0
28,R56,96797.0
29,R1,439886138.0
29,R2,153960145.0
29,R3,131973955.0
29,R4,35190893.0
29,R5,2199430692.0
29,R6,6598292076.0
29,R7,881067878.0
29,R8,2885114.0
29,R9,3846823.0
29,R10,168623021.0
29,R11,139297280.0
29,R12,0.0
29,R13,0.0
29,R14,146629.0
29,R15,20598.0
29,R16,58649.0
29,R17,4401379.0
29,R18,5876942.0
29,R19,36659674.0
29,R20,2932572.0
29,R21,100392.0
29,R22,0.0
29,R23,117308.0
29,R24,54393.0
29,R25,151455.0
29,R26,13333.0
29,R27,1390.0
29,R28,366.18240000000003
29,R29,34723.0
29,R30,57010.0
29,R31,3392.0
29,R32,2699.0
29,R33,340.08526698000003
29,R34,20794.0
29,R35,1445.0
29,R36,3454.0
29,R37,271.15999999999997
29,R38,388.0
29,R39,293257426.0
29,R40,175960400.0
29,R41,320570.0
29,R42,9626098.0
29,R43,109994627.0
29,R44,2947.0
29,R45,37680.0
29,R46,1230.0
29,R47,52065.0
29,R48,2932572.0
29,R49,3846823.0
29,R50,263931682.0
29,R51,80648913.0
29,R52,29333295.0
29,R53,2261.0
29,R54,3674105.0
29,R55,35457.0
29,R56,70198.0
3,R1,199752034.0
3,R2,69913210.0
3,R3,59925602.0
3,R4,15980162.0
3,R5,998769192.0
3,R6,2996280504.0
3,R7,399504067.0
3,R8,1202319.0
3,R9,1591636.0
3,R10,76571614.0
3,R11,63259028.0
3,R12,0.0
3,R13,0.0
3,R14,67015.0
3,R15,10628.0
3,R16,27620.0
3,R17,2000121.0
3,R18,2663359.0
3,R19,16646006.0
3,R20,1331676.0
3,R21,44387.0
3,R22,0.0
3,R23,53269.0
3,R24,23302.0
3,R25,67649.0
3,R26,7384.0
3,R27,877.0
3,R28,241.0
3,R29,11298.519999999991
3,R30,30063.0
3,R31,2904.0
3,R32,1553.0
3,R33,781.3777512100003
3,R34,7270.0
3,R35,1071.0
3,R36,1480.0
3,R37,33.0
3,R38,299.0
3,R39,133168022.0
3,R40,79905655.0
3,R41,132316.0
3,R42,3971708.0
3,R43,49946711.0
3,R44,1005.0
3,R45,15784.0
3,R46,775.0
3,R47,24717.0
3,R48,1331676.0
3,R49,1587766.0
3,R50,119851224.0
3,R51,36624701.0
3,R52,13316798.0
3,R53,1103.0
3,R54,1671659.0
3,R55,16003.0
3,R56,32051.0
30,R1,10501524.0
30,R2,3675533.0
30,R3,3150457.0
30,R4,840121.0
30,R5,52507620.0
30,R6,157522860.0
30,R7,21003048.0
30,R8,74220.0
30,R9,98958.0
30,R10,4025585.0
30,R11,3325483.0
30,R12,0.0
30,R13,0.0
30,R14,3502.0
30,R15,438.0
30,R16,1399.0
30,R17,105014.0
30,R18,140018.0
30,R19,875126.0
30,R20,70012.0
30,R21,2334.0
30,R22,560.0
30,R23,2798.0
30,R24,1225.0
30,R25,3502.0
30,R26,280.0
30,R27,77.0
30,R28,21.0
30,R29,703.0
30,R30,1170.0
30,R31,29.0
30,R32,62.0
30,R33,4.9616202652
30,R34,351.0
30,R35,14.0
30,R36,38.0
30,R37,0.0
30,R38,13.0
30,R39,7001016.0
30,R40,4200610.0
30,R41,8246.0
30,R42,247400.0
30,R43,2625382.0
30,R44,55.0
30,R45,703.0
30,R46,30.0
30,R47,1168.0
30,R48,70012.0
30,R49,98958.0
30,R50,6300914.0
30,R51,1925279.0
30,R52,700102.0
30,R53,74.0
30,R54,87511.0
30,R55,778.0
30,R56,1591.0
31,R1,464215.0
31,R2,162473.0
31,R3,139262.0
31,R4,37138.0
31,R5,2321028.0
31,R6,6963084.0
31,R7,928411.0
31,R8,2501.0
31,R9,3334.0
31,R10,177971.0
31,R11,146998.0
31,R12,5561.0
31,R13,2777.0
31,R14,154.0
31,R15,21.0
31,R16,62.0
31,R17,4648.0
31,R18,6190.0
31,R19,38683.0
31,R20,3099.0
31,R21,103.0
31,R22,32.0
31,R23,124.0
31,R24,55.0
31,R25,156.0
31,R26,12.0
31,R27,0.0
31,R28,0.0
31,R29,31.0
31,R30,62.0
31,R31,1.0
31,R32,4.0
31,R33,0.0
31,R34,16.0
31,R35,0.0
31,R36,0.0
31,R37,0.0
31,R38,0.0
31,R39,309470.0
31,R40,185682.0
31,R41,278.0
31,R42,8337.0
31,R43,116052.0
31,R44,1.0
31,R45,35.0
31,R46,0.0
31,R47,56.0
31,R48,3107.0
31,R49,3334.0
31,R50,278524.0
31,R51,85105.0
31,R52,30947.0
31,R53,0.0
31,R54,3874.0
31,R55,34.0
31,R56,74.0
32,R1,240523639.0
32,R2,84183274.0
32,R3,72157092.0
32,R4,19241890.0
32,R5,1202618196.0
32,R6,3607854588.0
32,R7,481047278.0
32,R8,1696414.0
32,R9,2261878.0
32,R10,92200728.0
32,R11,76180285.0
32,R12,0.0
32,R13,0.0
32,R14,80173.0
32,R15,11632.0
32,R16,32071.0
32,R17,2405238.0
32,R18,3214264.0
32,R19,20045823.0
32,R20,1603490.0
32,R21,55029.0
32,R22,0.0
32,R23,64140.0
32,R24,28064.0
32,R25,81978.0
32,R26,6419.0
32,R27,904.0
32,R28,303.36
32,R29,12827.2
32,R30,31285.0
32,R31,1315.0
32,R32,2369.0
32,R33,175.03495758600002
32,R34,8038.0
32,R35,574.0
32,R36,1347.0
32,R37,118.4
32,R38,104.0
32,R39,160349093.0
32,R40,96209458.0
32,R41,188490.0
32,R42,5665619.0
32,R43,60130909.0
32,R44,2119.0
32,R45,21788.0
32,R46,382.0
32,R47,28561.0
32,R48,1603490.0
32,R49,2266083.0
32,R50,144314182.0
32,R51,44104041.0
32,R52,16043884.0
32,R53,1680.0
32,R54,2007768.0
32,R55,18757.0
32,R56,39208.0
33,R1,508317214.0
33,R2,177910985.0
33,R3,152491940.0
33,R4,40664514.0
33,R5,2541534019.0
33,R6,7624596888.0
33,R7,1016612918.0
33,R8,0.0
33,R9,4470408.72
33,R10,194860970.0
33,R11,160983900.0
33,R12,0.0
33,R13,0.0
33,R14,173556.0
33,R15,38224.0
33,R16,73936.0
33,R17,5166289.0
33,R18,6884253.0
33,R19,42358864.0
33,R20,3388715.0
33,R21,114089.0
33,R22,0.0
33,R23,0.0
33,R24,65010.0
33,R25,0.0
33,R26,0.0
33,R27,2398.0
33,R28,0.0
33,R29,0.0
33,R30,0.0
33,R31,0.0
33,R32,0.0
33,R33,0.0
33,R34,22761.0
33,R35,0.0
33,R36,0.0
33,R37,0.0
33,R38,0.0
33,R39,338901009.0
33,R40,203354260.0
33,R41,429103.0
33,R42,13070703.0
33,R43,127087678.0
33,R44,0.0
33,R45,0.0
33,R46,0.0
33,R47,78784.0
33,R48,3432937.0
33,R49,5224313.0
33,R50,304983878.0
33,R51,93204451.0
33,R52,33887095.0
33,R53,3018.0
33,R54,0.0
33,R55,45006.0
33,R56,79436.0
34,R1,8751401.0
34,R2,3063120.0
34,R3,2625419.0
34,R4,700110.0
34,R5,43757004.0
34,R6,131271012.0
34,R7,17502802.0
34,R8,63800.0
34,R9,85175.0
34,R10,3354702.0
34,R11,2771278.0
34,R12,0.0
34,R13,0.0
34,R14,2917.0
34,R15,391.0
34,R16,1196.0
34,R17,87514.0
34,R18,116686.0
34,R19,729283.0
34,R20,58342.0
34,R21,1944.0
34,R22,466.88
34,R23,2333.0
34,R24,1022.0
34,R25,2980.0
34,R26,240.0
34,R27,15.0
34,R28,16.0
34,R29,582.0
34,R30,1098.0
34,R31,59.0
34,R32,49.0
34,R33,3.9309164774000003
34,R34,296.0
34,R35,19.0
34,R36,17.0
34,R37,0.0
34,R38,8.0
34,R39,5834267.0
34,R40,3501157.0
34,R41,7088.0
34,R42,212669.0
34,R43,2188029.0
34,R44,33.0
34,R45,582.0
34,R46,17.0
34,R47,1048.0
34,R48,58664.0
34,R49,85068.0
34,R50,5250842.0
34,R51,1604618.0
34,R52,583426.0
34,R53,45.0
34,R54,72929.0
34,R55,680.0
34,R56,1326.0
35,R1,2651762.0
35,R2,928117.0
35,R3,795529.0
35,R4,212140.0
35,R5,13258812.0
35,R6,39776436.0
35,R7,5303525.0
35,R8,19755.0
35,R9,26341.0
35,R10,1016508.0
35,R11,839886.0
35,R12,0.0
35,R13,8050.0
35,R14,885.0
35,R15,124.0
35,R16,353.0
35,R17,26517.0
35,R18,35358.0
35,R19,220980.0
35,R20,17679.0
35,R21,591.0
35,R22,177.0
35,R23,706.0
35,R24,309.0
35,R25,885.0
35,R26,91.0
35,R27,2.0
35,R28,0.0
35,R29,187.0
35,R30,306.0
35,R31,25.0
35,R32,14.0
35,R33,0.0
35,R34,104.0
35,R35,2.0
35,R36,6.0
35,R37,0.0
35,R38,0.0
35,R39,1767842.0
35,R40,1060702.0
35,R41,2196.0
35,R42,65899.0
35,R43,662941.0
35,R44,14.0
35,R45,192.0
35,R46,1.0
35,R47,296.0
35,R48,17679.0
35,R49,26391.0
35,R50,1591060.0
35,R51,486156.0
35,R52,176782.0
35,R53,26.0
35,R54,22099.0
35,R55,196.0
35,R56,406.0
4,R1,7599240.0
4,R2,2659734.0
4,R3,2279772.0
4,R4,607939.0
4,R5,37996200.0
4,R6,113988600.0
4,R7,15198480.0
4,R8,52094.0
4,R9,69458.0
4,R10,2913043.0
4,R11,2406426.0
4,R12,0.0
4,R13,0.0
4,R14,2532.0
4,R15,329.0
4,R16,1014.0
4,R17,75994.0
4,R18,101323.0
4,R19,633270.0
4,R20,50662.0
4,R21,1688.0
4,R22,503.18521999999996
4,R23,2026.0
4,R24,886.0
4,R25,2532.0
4,R26,214.0
4,R27,64.0
4,R28,5.0
4,R29,509.0
4,R30,848.0
4,R31,130.0
4,R32,25.0
4,R33,5.8925367423
4,R34,278.0
4,R35,121.0
4,R36,28.0
4,R37,0.0
4,R38,4.0
4,R39,5066160.0
4,R40,3039696.0
4,R41,5788.0
4,R42,173645.0
4,R43,1899810.0
4,R44,22.0
4,R45,509.0
4,R46,14.0
4,R47,845.0
4,R48,50662.0
4,R49,69458.0
4,R50,4559544.0
4,R51,1393194.0
4,R52,506616.0
4,R53,41.0
4,R54,63326.0
4,R55,563.0
4,R56,1152.0
5,R1,72621302.0
5,R2,25417456.0
5,R3,21786389.0
5,R4,5809700.0
5,R5,363106512.0
5,R6,1089319536.0
5,R7,145242605.0
5,R8,444304.0
5,R9,592408.0
5,R10,27838166.0
5,R11,22996798.0
5,R12,0.0
5,R13,0.0
5,R14,24208.0
5,R15,3522.0
5,R16,9688.0
5,R17,726212.0
5,R18,968284.0
5,R19,6052652.0
5,R20,484142.0
5,R21,16150.0
5,R22,1010.5126899999996
5,R23,19367.0
5,R24,8473.0
5,R25,24706.0
5,R26,2046.0
5,R27,130.0
5,R28,367.0
5,R29,4874.0
5,R30,9351.0
5,R31,1932.0
5,R32,2185.0
5,R33,295.03552957
5,R34,2795.0
5,R35,2439.0
5,R36,844.0
5,R37,58.0
5,R38,121.0
5,R39,48414202.0
5,R40,29048522.0
5,R41,49368.0
5,R42,1483255.0
5,R43,18155324.0
5,R44,1681.0
5,R45,5808.0
5,R46,590.0
5,R47,8175.0
5,R48,484142.0
5,R49,593547.0
5,R50,43572780.0
5,R51,13313908.0
5,R52,4841422.0
5,R53,514.0
5,R54,606119.0
5,R55,5646.0
5,R56,11787.0
6,R1,182530526.0
6,R2,63885684.0
6,R3,54763102.0
6,R4,14602439.0
6,R5,912652632.0
6,R6,2737957896.0
6,R7,365061053.0
6,R8,1049227.0
6,R9,1398965.0
6,R10,69970033.0
6,R11,57801332.0
6,R12,0.0
6,R13,0.0
6,R14,60836.0
6,R15,9130.0
6,R16,24336.0
6,R17,1825306.0
6,R18,2438323.0
6,R19,15213523.0
6,R20,1216872.0
6,R21,40572.0
6,R22,0.0
6,R23,48673.0
6,R24,22559.0
6,R25,62645.0
6,R26,4936.0
6,R27,249.0
6,R28,4.721920000000296
6,R29,9780.8
6,R30,24852.0
6,R31,4537.0
6,R32,4198.4
6,R33,780.9172551199999
6,R34,7468.0
6,R35,4910.0
6,R36,1416.0
6,R37,86.4
6,R38,397.0
6,R39,121687018.0
6,R40,73012216.0
6,R41,116582.0
6,R42,3500856.0
6,R43,45632632.0
6,R44,3148.8
6,R45,14989.0
6,R46,1245.9199999999987
6,R47,20323.0
6,R48,1216872.0
6,R49,1398965.0
6,R50,109518311.0
6,R51,33463930.0
6,R52,12168707.0
6,R53,616.0
6,R54,1524502.0
6,R55,14462.0
6,R56,30442.0
7,R1,119134798.0
7,R2,41697178.0
7,R3,35740438.0
7,R4,9530784.0
7,R5,595673988.0
7,R6,1787021964.0
7,R7,238269595.0
7,R8,731174.0
7,R9,974893.0
7,R10,45668337.0
7,R11,37726020.0
7,R12,0.0
7,R13,0.0
7,R14,39713.0
7,R15,4971.0
7,R16,15886.0
7,R17,1191347.0
7,R18,1588465.0
7,R19,9927898.0
7,R20,794234.0
7,R21,26485.0
7,R22,1339.4247699999996
7,R23,31768.0
7,R24,13912.0
7,R25,39713.0
7,R26,3209.0
7,R27,166.0
7,R28,371.2
7,R29,7954.0
7,R30,13240.0
7,R31,646.0
7,R32,2715.0
7,R33,164.96032502
7,R34,4072.0
7,R35,1281.0
7,R36,445.0
7,R37,96.8
7,R38,243.0
7,R39,79423198.0
7,R40,47653920.0
7,R41,81240.0
7,R42,2437237.0
7,R43,29783701.0
7,R44,2022.0
7,R45,8024.0
7,R46,636.8
7,R47,13272.0
7,R48,794234.0
7,R49,974893.0
7,R50,71480878.0
7,R51,21841381.0
7,R52,7942320.0
7,R53,331.0
7,R54,992789.0
7,R55,8826.0
7,R56,18085.0
8,R1,493548746.0
8,R2,172742982.0
8,R3,148068539.0
8,R4,39489401.0
8,R5,2467743732.0
8,R6,7403231196.0
8,R7,987097493.0
8,R8,2745610.0
8,R9,3671373.0
8,R10,189206957.0
8,R11,156306539.0
8,R12,0.0
8,R13,0.0
8,R14,166140.0
8,R15,24896.0
8,R16,68258.0
8,R17,4938935.0
8,R18,6608761.0
8,R19,41129062.0
8,R20,3290324.0
8,R21,116771.0
8,R22,0.0
8,R23,131608.0
8,R24,58714.0
8,R25,137384.0
8,R26,19715.0
8,R27,1151.0
8,R28,424.46847999999966
8,R29,26366.4
8,R30,74334.0
8,R31,3988.8
8,R32,9424.0
8,R33,1136.1892796
8,R34,22397.0
8,R35,6703.0
8,R36,3300.0
8,R37,0.0
8,R38,767.0
8,R39,329032498.0
8,R40,197432753.0
8,R41,305069.0
8,R42,9175642.0
8,R43,123396048.0
8,R44,8372.8
8,R45,46503.0
8,R46,2167.04
8,R47,64558.0
8,R48,3313673.0
8,R49,3667658.0
8,R50,296129246.0
8,R51,90508274.0
8,R52,32909191.0
8,R53,1221.0
8,R54,4064093.2
8,R55,40643.0
8,R56,78013.0
9,R1,1438648855.0
9,R2,503527093.0
9,R3,431594659.0
9,R4,115091912.0
9,R5,7193244276.0
9,R6,21579732828.0
9,R7,2877297710.0
9,R8,7224775.0
9,R9,9643339.0
9,R10,551482056.0
9,R11,455610231.0
9,R12,0.0
9,R13,0.0
9,R14,481490.0
9,R15,80171.0
9,R16,191820.0
9,R17,14401676.0
9,R18,19181989.0
9,R19,119896632.0
9,R20,9590986.0
9,R21,325872.0
9,R22,0.0
9,R23,373641.0000000001
9,R24,174484.0
9,R25,390715.2
9,R26,34737.6
9,R27,2763.0
9,R28,0.0
9,R29,61396.479999999996
9,R30,147093.6
9,R31,7981.6
9,R32,9007.68
9,R33,2116.3138373813053
9,R34,55431.0
9,R35,3362.0
9,R36,0.0
9,R37,0.0
9,R38,1772.8
9,R39,959099237.0
9,R40,575459544.0
9,R41,802752.0
9,R42,24120275.0
9,R43,359674310.0
9,R44,6995.2
9,R45,97336.0
9,R46,1966.4
9,R47,163459.0
9,R48,9590986.0
9,R49,9642403.0
9,R50,863189311.0
9,R51,263760004.0
9,R52,95930921.0
9,R53,4465.0
9,R54,10780419.68
9,R55,115315.0
9,R56,236977.0
