district_code,resource_id,time,demand
409,R11,0,0.2194948799859733
409,R11,1,10.374143557555719
409,R11,2,9.325785953472392
409,R11,3,8.513432340621263
409,R11,4,7.757484561112206
409,R12,1,8.68
409,R12,2,9.61
409,R12,3,9.5
409,R12,4,8.61
409,R14,1,9.31
409,R14,2,8.56
409,R14,3,9.55
409,R14,4,9.46
409,R17,1,8.98
409,R17,2,8.8
409,R17,3,9.21
409,R17,4,9.53
409,R18,1,9.44
409,R18,2,7.9
409,R18,3,9.79
409,R18,4,8.52
409,R2,0,0.15678205713283788
409,R2,1,27.21438825539694
409,R2,2,30.43984710962314
409,R2,3,25.136737386158046
409,R2,4,25.342488972223002
409,R20,1,9.32
409,R20,2,10.36
409,R20,3,8.59
409,R20,4,8.53
409,R29,1,8.32
409,R29,2,9.6
409,R29,3,9.85
409,R29,4,9.83
409,R33,1,10.3
409,R33,2,8.37
409,R33,3,7.44
409,R33,4,8.06
409,R39,1,7.82
409,R39,2,9.42
409,R39,3,10.25
409,R39,4,9.1
409,R52,1,8.7
409,R52,2,9.6
409,R52,3,6.9
409,R52,4,10.02
409,R7,0,0.1881384685594055
409,R7,1,8.789265906476329
409,R7,2,7.8578165315477655
409,R7,3,9.520084863389656
409,R7,4,10.164986766667605
413,R11,0,0.0205999690625014
413,R11,1,9.746188185002598
413,R11,2,8.594724075596895
413,R11,3,8.841099714236808
413,R11,4,9.337602165955444
413,R12,1,8.21
413,R12,2,8.8
413,R12,3,9.42
413,R12,4,9.54
413,R14,1,10.24
413,R14,2,8.41
413,R14,3,7.47
413,R14,4,8.9
413,R17,1,7.69
413,R17,2,9.05
413,R17,3,8.47
413,R17,4,8.35
413,R18,1,10.35
413,R18,2,8.42
413,R18,3,9.84
413,R18,4,9.3
413,R2,0,0.0147142636160721
413,R2,1,23.36156298928757
413,R2,2,24.117660053997785
413,R2,3,23.54221408159772
413,R2,4,22.689715832825318
413,R20,1,8.04
413,R20,2,9.09
413,R20,3,8.83
413,R20,4,7.75
413,R29,1,7.52
413,R29,2,9.0
413,R29,3,7.34
413,R29,4,9.47
413,R33,1,7.57
413,R33,2,9.76
413,R33,3,10.37
413,R33,4,9.36
413,R39,1,7.15
413,R39,2,8.49
413,R39,3,10.6
413,R39,4,8.7
413,R52,1,10.31
413,R52,2,10.41
413,R52,3,8.55
413,R52,4,8.66
413,R7,0,0.0176571163392867
413,R7,1,9.803875587145084
413,R7,2,8.541192064797338
413,R7,3,7.966656897917264
413,R7,4,8.09365899939038
414,R11,0,0.0414934844279079
414,R11,1,9.187141025190435
414,R11,2,8.515394487319618
414,R11,3,8.390147743069733
414,R11,4,8.703767820635823
414,R12,1,11.04
414,R12,2,8.6
414,R12,3,7.76
414,R12,4,7.57
414,R14,1,8.78
414,R14,2,8.88
414,R14,3,7.84
414,R14,4,8.4
414,R17,1,9.32
414,R17,2,8.73
414,R17,3,8.03
414,R17,4,8.46
414,R18,1,8.39
414,R18,2,7.93
414,R18,3,7.56
414,R18,4,9.82
414,R2,0,0.0296382031627912
414,R2,1,21.466529303707453
414,R2,2,26.189567490942583
414,R2,3,26.688676959335524
414,R2,4,22.20269130045416
414,R20,1,8.19
414,R20,2,7.71
414,R20,3,8.03
414,R20,4,7.89
414,R29,1,7.97
414,R29,2,11.0
414,R29,3,7.35
414,R29,4,8.09
414,R33,1,10.61
414,R33,2,7.73
414,R33,3,8.61
414,R33,4,10.19
414,R39,1,9.99
414,R39,2,8.23
414,R39,3,9.45
414,R39,4,7.73
414,R52,1,7.9
414,R52,2,8.14
414,R52,3,10.88
414,R52,4,8.52
414,R7,0,0.0355658437953495
414,R7,1,9.451835164448944
414,R7,2,7.2674809891311005
414,R7,3,7.894412351202629
414,R7,4,8.74322956054499
415,R11,0,0.0023579911126378325
415,R11,1,9.440733394780104
415,R11,2,10.504977630271346
415,R11,3,8.473453742339048
415,R11,4,8.203776636911531
415,R12,1,7.31
415,R12,2,7.7
415,R12,3,9.28
415,R12,4,7.43
415,R14,1,8.69
415,R14,2,9.5
415,R14,3,7.67
415,R14,4,9.61
415,R17,1,8.24
415,R17,2,10.53
415,R17,3,8.47
415,R17,4,9.88
415,R18,1,8.78
415,R18,2,9.42
415,R18,3,10.81
415,R18,4,8.08
415,R2,0,0.001684279366169909
415,R2,1,20.31052385341436
415,R2,2,23.133555450193818
415,R2,3,29.882466958813605
415,R2,4,24.55269759779395
415,R20,1,10.36
415,R20,2,7.95
415,R20,3,10.52
415,R20,4,7.47
415,R29,1,8.07
415,R29,2,8.79
415,R29,3,9.6
415,R29,4,7.28
415,R33,1,8.47
415,R33,2,9.65
415,R33,3,9.87
415,R33,4,9.78
415,R39,1,7.67
415,R39,2,8.98
415,R39,3,10.58
415,R39,4,9.26
415,R52,1,9.28
415,R52,2,8.44
415,R52,3,9.77
415,R52,4,8.04
415,R7,0,0.0020211352394038707
415,R7,1,9.680628624097233
415,R7,2,8.184266540232581
415,R7,3,7.492960350576327
415,R7,4,9.823237117352742
416,R11,0,0.0146729753336622
416,R11,1,8.319162857297716
416,R11,2,7.294885179512554
416,R11,3,10.184500050835313
416,R11,4,10.273871205194789
416,R12,1,10.72
416,R12,2,7.95
416,R12,3,9.08
416,R12,4,8.54
416,R14,1,7.67
416,R14,2,8.94
416,R14,3,7.35
416,R14,4,8.68
416,R17,1,10.38
416,R17,2,7.44
416,R17,3,9.8
416,R17,4,9.25
416,R18,1,7.03
416,R18,2,8.96
416,R18,3,10.1
416,R18,4,8.11
416,R2,0,0.0104806966669015
416,R2,1,23.256544898069794
416,R2,2,26.120632271080396
416,R2,3,25.220357179168083
416,R2,4,24.699908003710565
416,R20,1,8.41
416,R20,2,8.48
416,R20,3,7.98
416,R20,4,7.11
416,R29,1,8.92
416,R29,2,7.66
416,R29,3,10.33
416,R29,4,9.41
416,R33,1,9.5
416,R33,2,8.73
416,R33,3,8.13
416,R33,4,9.71
416,R39,1,8.18
416,R39,2,8.37
416,R39,3,7.78
416,R39,4,7.24
416,R52,1,9.78
416,R52,2,10.41
416,R52,3,9.04
416,R52,4,8.59
416,R7,0,0.012576836000282
416,R7,1,8.387853877683757
416,R7,2,10.662758725296476
416,R7,3,7.002428615001697
416,R7,4,8.781889604452676
417,R11,0,0.005641143679205528
417,R11,1,10.054330511699243
417,R11,2,10.516627198794147
417,R11,3,7.2084907243646565
417,R11,4,10.798194951912782
417,R12,1,7.2
417,R12,2,10.12
417,R12,3,8.85
417,R12,4,8.95
417,R14,1,10.07
417,R14,2,7.57
417,R14,3,7.68
417,R14,4,8.48
417,R17,1,10.24
417,R17,2,7.92
417,R17,3,9.56
417,R17,4,8.69
417,R18,1,7.03
417,R18,2,8.13
417,R18,3,9.56
417,R18,4,7.88
417,R2,0,0.004029388342289708
417,R2,1,26.863093222642316
417,R2,2,26.14473371342439
417,R2,3,22.61606480311761
417,R2,4,28.025853537080557
417,R20,1,8.46
417,R20,2,10.94
417,R20,3,10.24
417,R20,4,8.07
417,R29,1,8.73
417,R29,2,9.09
417,R29,3,7.93
417,R29,4,9.45
417,R33,1,10.5
417,R33,2,10.4
417,R33,3,9.62
417,R33,4,10.48
417,R39,1,8.0
417,R39,2,9.04
417,R39,3,9.18
417,R39,4,8.24
417,R52,1,8.48
417,R52,2,8.63
417,R52,3,10.46
417,R52,4,8.61
417,R7,0,0.004835266010747495
417,R7,1,10.39371186717078
417,R7,2,8.84568045610927
417,R7,3,9.647277763741135
417,R7,4,7.827024244496672
419,R11,0,0.0446342272462888
419,R11,1,11.4883995063368
419,R11,2,9.877388219604779
419,R11,3,8.423442058354693
419,R11,4,9.481399303490177
419,R12,1,8.77
419,R12,2,9.32
419,R12,3,7.63
419,R12,4,7.36
419,R14,1,8.18
419,R14,2,7.32
419,R14,3,8.01
419,R14,4,9.89
419,R17,1,9.85
419,R17,2,9.53
419,R17,3,8.73
419,R17,4,9.99
419,R18,1,10.55
419,R18,2,8.8
419,R18,3,9.01
419,R18,4,8.37
419,R2,0,0.0318815908902061
419,R2,1,26.657428218811997
419,R2,2,26.539563014003413
419,R2,3,20.723887184539066
419,R2,4,24.24671378820727
419,R20,1,9.3
419,R20,2,8.63
419,R20,3,8.42
419,R20,4,9.65
419,R29,1,10.5
419,R29,2,8.84
419,R29,3,10.15
419,R29,4,8.82
419,R33,1,8.53
419,R33,2,8.73
419,R33,3,9.65
419,R33,4,7.94
419,R39,1,8.74
419,R39,2,7.61
419,R39,3,10.1
419,R39,4,9.98
419,R52,1,9.82
419,R52,2,9.13
419,R52,3,10.06
419,R52,4,10.02
419,R7,0,0.0382579090682475
419,R7,1,9.452913862574398
419,R7,2,10.763475616804095
419,R7,3,8.40866462144688
419,R7,4,9.394056545848724
420,R11,0,0.0633079985084896
420,R11,1,8.9470982180877
420,R11,2,9.14521569946125
420,R11,3,10.174267556153438
420,R11,4,7.753818835428943
420,R12,1,10.2
420,R12,2,10.25
420,R12,3,7.5
420,R12,4,7.4
420,R14,1,11.29
420,R14,2,8.33
420,R14,3,11.09
420,R14,4,9.51
420,R17,1,9.66
420,R17,2,9.19
420,R17,3,9.41
420,R17,4,9.11
420,R18,1,8.06
420,R18,2,10.66
420,R18,3,10.33
420,R18,4,9.12
420,R2,0,0.0452199989346354
420,R2,1,23.465070155776928
420,R2,2,24.23515407104375
420,R2,3,30.230191111538172
420,R2,4,26.781299168163528
420,R20,1,8.53
420,R20,2,9.23
420,R20,3,9.06
420,R20,4,9.17
420,R29,1,9.67
420,R29,2,7.56
420,R29,3,8.41
420,R29,4,8.68
420,R33,1,8.93
420,R33,2,10.62
420,R33,3,7.41
420,R33,4,8.44
420,R39,1,9.15
420,R39,2,9.45
420,R39,3,9.1
420,R39,4,8.82
420,R52,1,7.82
420,R52,2,9.83
420,R52,3,9.81
420,R52,4,7.46
420,R7,0,0.0542639987215625
420,R7,1,7.386084186932314
420,R7,2,8.3401848852525
420,R7,3,10.022229333845805
420,R7,4,8.207559001796236
421,R11,0,0.1393861823150835
421,R11,1,8.877212721644366
421,R11,2,7.7250733520975245
421,R11,3,10.237916363609923
421,R11,4,9.699673522518756
421,R12,1,8.94
421,R12,2,7.32
421,R12,3,7.98
421,R12,4,10.96
421,R14,1,9.42
421,R14,2,9.64
421,R14,3,8.91
421,R14,4,9.01
421,R17,1,8.37
421,R17,2,8.25
421,R17,3,10.89
421,R17,4,10.82
421,R18,1,7.41
421,R18,2,7.89
421,R18,3,8.88
421,R18,4,9.07
421,R2,0,0.0995615587964881
421,R2,1,24.786580515460262
421,R2,2,22.42933810864109
421,R2,3,29.555654545435658
421,R2,4,23.922623944656255
421,R20,1,8.6
421,R20,2,8.45
421,R20,3,7.9
421,R20,4,7.55
421,R29,1,9.24
421,R29,2,9.66
421,R29,3,9.52
421,R29,4,9.26
421,R33,1,8.78
421,R33,2,7.95
421,R33,3,8.97
421,R33,4,9.6
421,R39,1,8.65
421,R39,2,9.17
421,R39,3,7.39
421,R39,4,8.94
421,R52,1,10.18
421,R52,2,8.24
421,R52,3,8.03
421,R52,4,7.16
421,R7,0,0.1194738705557858
421,R7,1,9.231896618552314
421,R7,2,8.227205730369306
421,R7,3,9.25678545452279
421,R7,4,9.501148733587504
422,R11,0,0.021566913219557
422,R11,1,9.365627553216465
422,R11,2,8.088554146959602
422,R11,3,9.684565327120794
422,R11,4,10.04509159743214
422,R12,1,9.8
422,R12,2,9.17
422,R12,3,9.3
422,R12,4,7.63
422,R14,1,9.36
422,R14,2,8.85
422,R14,3,7.97
422,R14,4,11.04
422,R17,1,8.2
422,R17,2,9.18
422,R17,3,9.12
422,R17,4,9.24
422,R18,1,10.06
422,R18,2,7.75
422,R18,3,8.43
422,R18,4,9.51
422,R2,0,0.0154049380139691
422,R2,1,26.368305395154618
422,R2,2,24.94039581925686
422,R2,3,25.721832376514854
422,R2,4,27.912208283880098
422,R20,1,9.09
422,R20,2,8.43
422,R20,3,7.86
422,R20,4,9.47
422,R29,1,9.86
422,R29,2,9.23
422,R29,3,9.9
422,R29,4,8.4
422,R33,1,8.92
422,R33,2,8.37
422,R33,3,7.74
422,R33,4,10.17
422,R39,1,7.63
422,R39,2,7.11
422,R39,3,8.61
422,R39,4,10.18
422,R52,1,8.96
422,R52,2,10.1
422,R52,3,9.33
422,R52,4,9.21
422,R7,0,0.0184859256167631
422,R7,1,7.681966474185541
422,R7,2,9.604474983108231
422,R7,3,8.398198851817822
422,R7,4,10.29864994065612
423,R11,0,0.0743314923983503
423,R11,1,8.637701698335801
423,R11,2,9.844811703748803
423,R11,3,9.125699816924328
423,R11,4,9.599459749101054
423,R12,1,9.31
423,R12,2,9.39
423,R12,3,9.57
423,R12,4,7.54
423,R14,1,9.17
423,R14,2,8.67
423,R14,3,9.87
423,R14,4,9.54
423,R17,1,8.85
423,R17,2,9.34
423,R17,3,9.09
423,R17,4,10.22
423,R18,1,9.59
423,R18,2,7.64
423,R18,3,7.65
423,R18,4,9.88
423,R2,0,0.053093923141678705
423,R2,1,24.669786927382717
423,R2,2,28.284865502677718
423,R2,3,23.965499869231664
423,R2,4,26.599614106500752
423,R20,1,9.15
423,R20,2,9.1
423,R20,3,7.23
423,R20,4,9.24
423,R29,1,8.6
423,R29,2,9.34
423,R29,3,8.11
423,R29,4,8.72
423,R33,1,7.78
423,R33,2,8.92
423,R33,3,7.77
423,R33,4,9.31
423,R39,1,8.18
423,R39,2,10.5
423,R39,3,8.25
423,R39,4,9.32
423,R52,1,7.46
423,R52,2,11.14
423,R52,3,9.8
423,R52,4,8.98
423,R7,0,0.0637127077700144
423,R7,1,7.953744312859258
423,R7,2,10.689838603213259
423,R7,3,8.620599843077995
423,R7,4,9.509536927800903
424,R11,0,0.0526428040789539
424,R11,1,11.490372432224062
424,R11,2,10.268908597503602
424,R11,3,7.466845325943737
424,R11,4,9.727745039857217
424,R12,1,9.88
424,R12,2,8.95
424,R12,3,8.25
424,R12,4,9.11
424,R14,1,8.33
424,R14,2,7.38
424,R14,3,9.46
424,R14,4,9.27
424,R17,1,8.72
424,R17,2,7.51
424,R17,3,9.35
424,R17,4,7.89
424,R18,1,8.63
424,R18,2,8.76
424,R18,3,8.94
424,R18,4,9.44
424,R2,0,0.0376020029135383
424,R2,1,23.807408880160043
424,R2,2,26.82207756964543
424,R2,3,22.437746661388385
424,R2,4,25.608389314183725
424,R20,1,9.25
424,R20,2,8.69
424,R20,3,9.24
424,R20,4,8.91
424,R29,1,10.6
424,R29,2,9.18
424,R29,3,7.53
424,R29,4,8.93
424,R33,1,8.66
424,R33,2,10.06
424,R33,3,9.94
424,R33,4,9.96
424,R39,1,7.85
424,R39,2,9.11
424,R39,3,10.09
424,R39,4,9.34
424,R52,1,7.84
424,R52,2,8.56
424,R52,3,10.1
424,R52,4,9.03
424,R7,0,0.0451224034962463
424,R7,1,9.448890656192052
424,R7,2,7.9304930835745155
424,R7,3,8.757295993666059
424,R7,4,7.8080671770204715
426,R11,0,0.0197239573499054
426,R11,1,8.446512839422878
426,R11,2,8.422000905566383
426,R11,3,10.82685685363246
426,R11,4,10.319619023989524
426,R12,1,8.2
426,R12,2,8.77
426,R12,3,7.66
426,R12,4,8.72
426,R14,1,8.33
426,R14,2,8.33
426,R14,3,8.31
426,R14,4,9.13
426,R17,1,8.68
426,R17,2,8.98
426,R17,3,8.9
426,R17,4,9.3
426,R18,1,8.67
426,R18,2,9.05
426,R18,3,9.11
426,R18,4,9.66
426,R2,0,0.0140885409642181
426,R2,1,25.40322345673063
426,R2,2,25.34714350397599
426,R2,3,28.256326324023185
426,R2,4,22.61829930284966
426,R20,1,7.36
426,R20,2,9.53
426,R20,3,7.6
426,R20,4,9.75
426,R29,1,9.69
426,R29,2,8.38
426,R29,3,9.89
426,R29,4,8.56
426,R33,1,9.18
426,R33,2,10.35
426,R33,3,9.82
426,R33,4,7.84
426,R39,1,8.38
426,R39,2,9.81
426,R39,3,8.77
426,R39,4,9.64
426,R52,1,8.83
426,R52,2,10.72
426,R52,3,9.82
426,R52,4,10.18
426,R7,0,0.0169062491570619
426,R7,1,8.939868148076751
426,R7,2,8.944572204771188
426,R7,3,9.421591588827823
426,R7,4,8.693959163419594
427,R11,0,0.1590215767731095
427,R11,1,7.531852013485534
427,R11,2,9.574254508840253
427,R11,3,8.697832868613377
427,R11,4,9.170358471385565
427,R12,1,9.64
427,R12,2,7.97
427,R12,3,7.75
427,R12,4,9.74
427,R14,1,8.51
427,R14,2,7.3
427,R14,3,8.8
427,R14,4,9.69
427,R17,1,8.73
427,R17,2,8.23
427,R17,3,9.1
427,R17,4,9.81
427,R18,1,10.61
427,R18,2,9.58
427,R18,3,7.58
427,R18,4,8.62
427,R2,0,0.1135868405522211
427,R2,1,29.95989429534681
427,R2,2,23.61732464917161
427,R2,3,30.894166334723838
427,R2,4,24.40025605098969
427,R20,1,9.66
427,R20,2,9.85
427,R20,3,8.0
427,R20,4,9.93
427,R29,1,8.02
427,R29,2,8.52
427,R29,3,8.86
427,R29,4,8.57
427,R33,1,8.23
427,R33,2,10.64
427,R33,3,7.74
427,R33,4,8.26
427,R39,1,8.04
427,R39,2,9.01
427,R39,3,10.37
427,R39,4,9.27
427,R52,1,10.05
427,R52,2,9.2
427,R52,3,9.62
427,R52,4,8.68
427,R7,0,0.1363042086626653
427,R7,1,9.605873154416171
427,R7,2,10.190789579005932
427,R7,3,9.460999601668608
427,R7,4,8.480307261187628
428,R11,0,0.0591029804692323
428,R11,1,10.946817648317802
428,R11,2,9.037531108304949
428,R11,3,7.412253595775082
428,R11,4,7.473167902825148
428,R12,1,9.83
428,R12,2,7.88
428,R12,3,8.72
428,R12,4,7.82
428,R14,1,7.89
428,R14,2,7.45
428,R14,3,8.57
428,R14,4,9.53
428,R17,1,9.37
428,R17,2,10.38
428,R17,3,9.82
428,R17,4,10.1
428,R18,1,7.33
428,R18,2,10.75
428,R18,3,9.7
428,R18,4,8.88
428,R2,0,0.0422164146208801
428,R2,1,20.679155463084143
428,R2,2,27.976807934503533
428,R2,3,22.197323996982202
428,R2,4,21.890834216303677
428,R20,1,8.23
428,R20,2,10.75
428,R20,3,9.2
428,R20,4,8.46
428,R29,1,8.43
428,R29,2,9.51
428,R29,3,8.85
428,R29,4,9.61
428,R33,1,9.87
428,R33,2,8.6
428,R33,3,8.55
428,R33,4,7.19
428,R39,1,9.29
428,R39,2,9.4
428,R39,3,9.2
428,R39,4,10.44
428,R52,1,7.87
428,R52,2,8.34
428,R52,3,9.83
428,R52,4,10.3
428,R7,0,0.0506596975450562
428,R7,1,8.592986555700973
428,R7,2,8.732169521404241
428,R7,3,9.074788796378641
428,R7,4,7.197001059564413
429,R11,0,0.0663543142273353
429,R11,1,7.855928836935158
429,R11,2,9.663084645907858
429,R11,3,11.098004239340515
429,R11,4,11.116807642317802
429,R12,1,7.89
429,R12,2,9.02
429,R12,3,9.8
429,R12,4,8.79
429,R14,1,8.78
429,R14,2,7.52
429,R14,3,7.76
429,R14,4,9.18
429,R17,1,10.59
429,R17,2,9.72
429,R17,3,8.12
429,R17,4,9.39
429,R18,1,8.7
429,R18,2,10.88
429,R18,3,8.3
429,R18,4,8.75
429,R2,0,0.0473959387338107
429,R2,1,26.097092026382256
429,R2,2,25.782203318505612
429,R2,3,31.757145885243222
429,R2,4,30.416291173084144
429,R20,1,8.47
429,R20,2,8.49
429,R20,3,8.68
429,R20,4,7.69
429,R29,1,10.06
429,R29,2,8.51
429,R29,3,8.76
429,R29,4,8.7
429,R33,1,8.91
429,R33,2,8.99
429,R33,3,8.12
429,R33,4,11.13
429,R39,1,8.89
429,R39,2,10.26
429,R39,3,8.16
429,R39,4,10.84
429,R52,1,10.08
429,R52,2,8.62
429,R52,3,8.7
429,R52,4,10.26
429,R7,0,0.0568751264805731
429,R7,1,10.816510431658706
429,R7,2,9.702643982206736
429,R7,3,9.21257506229187
429,R7,4,9.721549407700973
436,R11,0,0.0634763782371655
436,R11,1,9.776606742529124
436,R11,2,9.897684804196015
436,R11,3,9.241045257871413
436,R11,4,9.581654518889883
436,R12,1,9.69
436,R12,2,7.94
436,R12,3,8.24
436,R12,4,7.68
436,R14,1,8.66
436,R14,2,8.66
436,R14,3,9.5
436,R14,4,8.08
436,R17,1,8.51
436,R17,2,8.82
436,R17,3,9.72
436,R17,4,8.16
436,R18,1,9.69
436,R18,2,8.27
436,R18,3,8.14
436,R18,4,10.27
436,R2,0,0.0453402701694039
436,R2,1,26.69614767323509
436,R2,2,23.011203431568582
436,R2,3,24.36360375562244
436,R2,4,27.08832465634992
436,R20,1,8.1
436,R20,2,9.74
436,R20,3,7.59
436,R20,4,7.85
436,R29,1,10.01
436,R29,2,7.27
436,R29,3,9.75
436,R29,4,9.48
436,R33,1,7.74
436,R33,2,8.95
436,R33,3,7.42
436,R33,4,8.42
436,R39,1,8.93
436,R39,2,10.7
436,R39,3,8.46
436,R39,4,9.37
436,R52,1,9.59
436,R52,2,8.42
436,R52,3,9.31
436,R52,4,9.1
436,R7,0,0.0544083242032846
436,R7,1,10.561377207882105
436,R7,2,8.559444117882297
436,R7,3,9.082324506746925
436,R7,4,8.1999895876199
437,R11,0,0.0781309881943091
437,R11,1,8.859241960541238
437,R11,2,8.077995428306131
437,R11,3,10.112712335118433
437,R11,4,10.159116682062932
437,R12,1,8.51
437,R12,2,11.46
437,R12,3,7.4
437,R12,4,7.27
437,R14,1,10.69
437,R14,2,9.98
437,R14,3,9.64
437,R14,4,9.93
437,R17,1,8.39
437,R17,2,10.42
437,R17,3,8.43
437,R17,4,7.21
437,R18,1,9.24
437,R18,2,7.25
437,R18,3,9.02
437,R18,4,8.91
437,R2,0,0.0558078487102207
437,R2,1,25.676601400386602
437,R2,2,25.454282448790096
437,R2,3,26.343365953656022
437,R2,4,22.536511915759238
437,R20,1,10.11
437,R20,2,9.03
437,R20,3,9.18
437,R20,4,10.18
437,R29,1,7.34
437,R29,2,9.45
437,R29,3,8.06
437,R29,4,8.67
437,R33,1,9.14
437,R33,2,10.46
437,R33,3,8.41
437,R33,4,10.42
437,R39,1,7.58
437,R39,2,7.53
437,R39,3,7.65
437,R39,4,10.57
437,R52,1,7.26
437,R52,2,8.43
437,R52,3,8.7
437,R52,4,10.06
437,R7,0,0.0669694184522649
437,R7,1,9.69792168046392
437,R7,2,8.401138938548113
437,R7,3,8.578039144387228
437,R7,4,9.407814298911083
438,R11,0,0.0579839723343164
438,R11,1,10.927627703944468
438,R11,2,8.865690775037294
438,R11,3,8.512752838802705
438,R11,4,8.745216191983396
438,R12,1,9.41
438,R12,2,9.33
438,R12,3,8.67
438,R12,4,10.01
438,R14,1,10.07
438,R14,2,8.24
438,R14,3,9.71
438,R14,4,9.3
438,R17,1,9.8
438,R17,2,10.99
438,R17,3,9.18
438,R17,4,8.4
438,R18,1,8.17
438,R18,2,8.84
438,R18,3,10.33
438,R18,4,9.22
438,R2,0,0.0414171230959402
438,R2,1,28.06259121710319
438,R2,2,20.12263626788378
438,R2,3,23.42768059914479
438,R2,4,28.93372585141671
438,R20,1,10.45
438,R20,2,8.44
438,R20,3,8.06
438,R20,4,8.74
438,R29,1,7.92
438,R29,2,9.34
438,R29,3,9.52
438,R29,4,8.43
438,R33,1,8.91
438,R33,2,8.81
438,R33,3,7.78
438,R33,4,8.23
438,R39,1,9.2
438,R39,2,9.56
438,R39,3,9.34
438,R39,4,9.45
438,R52,1,7.33
438,R52,2,7.09
438,R52,3,9.58
438,R52,4,8.97
438,R7,0,0.0497005477151283
438,R7,1,8.82510946052383
438,R7,2,10.239163521460538
438,R7,3,8.165216718973747
438,R7,4,11.284471021700055
441,R11,0,0.0407235267506961
441,R11,1,7.455523557926255
441,R11,2,9.121530670584631
441,R11,3,7.813033197148786
441,R11,4,8.926622688619084
441,R12,1,8.44
441,R12,2,10.63
441,R12,3,9.74
441,R12,4,9.37
441,R14,1,9.11
441,R14,2,9.31
441,R14,3,8.27
441,R14,4,7.87
441,R17,1,10.62
441,R17,2,7.44
441,R17,3,8.3
441,R17,4,11.02
441,R18,1,9.49
441,R18,2,9.04
441,R18,3,10.81
441,R18,4,9.57
441,R2,0,0.0290882333933541
441,R2,1,25.306802541375898
441,R2,2,24.451093336131876
441,R2,3,25.967880855106277
441,R2,4,22.560444777585058
441,R20,1,9.98
441,R20,2,7.25
441,R20,3,10.12
441,R20,4,10.81
441,R29,1,7.6
441,R29,2,10.18
441,R29,3,9.53
441,R29,4,7.75
441,R33,1,8.76
441,R33,2,7.69
441,R33,3,8.95
441,R33,4,8.07
441,R39,1,9.03
441,R39,2,11.01
441,R39,3,8.56
441,R39,4,8.26
441,R52,1,9.98
441,R52,2,8.44
441,R52,3,9.89
441,R52,4,10.18
441,R7,0,0.0349058800720253
441,R7,1,10.016163049651077
441,R7,2,10.141312003358255
441,R7,3,8.385457026127531
441,R7,4,9.55853373310207
444,R11,0,0.1185449803703251
444,R11,1,7.908678536391084
444,R11,2,7.704827415658981
444,R11,3,10.65883636637479
444,R11,4,6.94270027422625
444,R12,1,8.16
444,R12,2,8.99
444,R12,3,8.45
444,R12,4,10.06
444,R14,1,7.88
444,R14,2,9.96
444,R14,3,8.9
444,R14,4,8.41
444,R17,1,7.07
444,R17,2,7.57
444,R17,3,7.94
444,R17,4,9.35
444,R18,1,7.22
444,R18,2,9.48
444,R18,3,8.94
444,R18,4,8.81
444,R2,0,0.0846749859788036
444,R2,1,26.021913240279346
444,R2,2,24.217733868327844
444,R2,3,28.854883118839133
444,R2,4,25.806214481590178
444,R20,1,9.39
444,R20,2,7.0
444,R20,3,9.02
444,R20,4,8.16
444,R29,1,10.86
444,R29,2,9.09
444,R29,3,8.75
444,R29,4,9.97
444,R33,1,9.15
444,R33,2,10.46
444,R33,3,9.33
444,R33,4,8.86
444,R39,1,7.65
444,R39,2,9.67
444,R39,3,10.31
444,R39,4,8.44
444,R52,1,9.21
444,R52,2,7.88
444,R52,3,9.63
444,R52,4,7.92
444,R7,0,0.1016099831745644
444,R7,1,7.510295888335214
444,R7,2,8.491280641993411
444,R7,3,10.821859742606962
444,R7,4,9.189457377908214
451,R11,0,0.137556467273584
451,R11,1,8.789731234737115
451,R11,2,10.650950789239943
451,R11,3,10.666062424882114
451,R11,4,10.43570056998663
451,R12,1,8.29
451,R12,2,10.49
451,R12,3,11.15
451,R12,4,8.59
451,R14,1,9.07
451,R14,2,8.47
451,R14,3,8.8
451,R14,4,8.45
451,R17,1,9.93
451,R17,2,10.22
451,R17,3,10.54
451,R17,4,8.62
451,R18,1,8.74
451,R18,2,7.9
451,R18,3,8.47
451,R18,4,10.02
451,R2,0,0.0982546194811312
451,R2,1,23.11409373909794
451,R2,2,26.169250563742814
451,R2,3,25.26004458920151
451,R2,4,22.40692897856188
451,R20,1,10.16
451,R20,2,10.52
451,R20,3,9.23
451,R20,4,10.96
451,R29,1,9.17
451,R29,2,8.75
451,R29,3,10.06
451,R29,4,10.16
451,R33,1,7.3
451,R33,2,10.64
451,R33,3,8.94
451,R33,4,8.81
451,R39,1,10.83
451,R39,2,8.59
451,R39,3,9.5
451,R39,4,9.73
451,R52,1,9.2
451,R52,2,8.88
451,R52,3,8.68
451,R52,4,9.75
451,R7,0,0.1179055433773576
451,R7,1,10.416912486917525
451,R7,2,10.355100676491379
451,R7,3,9.418053507041812
451,R7,4,9.076314774274254
461,R11,0,0.0194271882602877
461,R11,1,9.069796182841701
461,R11,2,9.394654739565224
461,R11,3,9.085124244237038
461,R11,4,8.973134724886497
461,R12,1,8.71
461,R12,2,8.16
461,R12,3,9.61
461,R12,4,10.29
461,R14,1,8.89
461,R14,2,10.25
461,R14,3,9.47
461,R14,4,8.23
461,R17,1,8.9
461,R17,2,8.51
461,R17,3,9.08
461,R17,4,8.03
461,R18,1,10.63
461,R18,2,9.74
461,R18,3,8.12
461,R18,4,7.63
461,R2,0,0.0138765630430625
461,R2,1,22.684140130601218
461,R2,2,21.18046767111802
461,R2,3,22.940803031597884
461,R2,4,28.126524803490355
461,R20,1,9.53
461,R20,2,8.42
461,R20,3,8.53
461,R20,4,8.58
461,R29,1,10.69
461,R29,2,8.79
461,R29,3,7.01
461,R29,4,10.63
461,R33,1,9.36
461,R33,2,11.01
461,R33,3,8.39
461,R33,4,8.71
461,R39,1,9.08
461,R39,2,9.93
461,R39,3,10.91
461,R39,4,8.96
461,R52,1,8.26
461,R52,2,8.2
461,R52,3,9.19
461,R52,4,8.77
461,R7,0,0.0166518756516752
461,R7,1,9.116968156721457
461,R7,2,10.05256120534162
461,R7,3,9.562963637917461
461,R7,4,9.509829764188428
464,R11,0,0.019916496499106102
464,R11,1,9.148279662464288
464,R11,2,7.8882566223793456
464,R11,3,9.294461162511281
464,R11,4,9.63360732682918
464,R12,1,9.86
464,R12,2,8.18
464,R12,3,10.64
464,R12,4,10.27
464,R14,1,9.52
464,R14,2,8.97
464,R14,3,7.31
464,R14,4,10.9
464,R17,1,7.98
464,R17,2,8.63
464,R17,3,9.7
464,R17,4,10.54
464,R18,1,9.63
464,R18,2,9.05
464,R18,3,9.07
464,R18,4,9.86
464,R2,0,0.014226068927933
464,R2,1,24.640199758903066
464,R2,2,25.40875473027096
464,R2,3,22.494615116079487
464,R2,4,21.008290947735127
464,R20,1,10.17
464,R20,2,9.83
464,R20,3,8.79
464,R20,4,7.82
464,R29,1,10.27
464,R29,2,9.63
464,R29,3,9.84
464,R29,4,9.18
464,R33,1,9.37
464,R33,2,9.6
464,R33,3,9.61
464,R33,4,8.92
464,R39,1,10.4
464,R39,2,8.26
464,R39,3,8.82
464,R39,4,7.36
464,R52,1,9.42
464,R52,2,8.19
464,R52,3,8.84
464,R52,4,9.65
464,R7,0,0.0170712827135195
464,R7,1,9.134239710683676
464,R7,2,11.408505676325152
464,R7,3,8.059538139295384
464,R7,4,9.045949137282154
468,R11,0,0.1024607124081988
468,R11,1,7.601891055430606
468,R11,2,9.224757211955708
468,R11,3,9.686683100444828
468,R11,4,8.383895413567856
468,R12,1,8.79
468,R12,2,7.5
468,R12,3,9.57
468,R12,4,9.16
468,R14,1,7.01
468,R14,2,7.88
468,R14,3,10.16
468,R14,4,9.21
468,R17,1,9.46
468,R17,2,10.7
468,R17,3,9.36
468,R17,4,8.93
468,R18,1,7.96
468,R18,2,10.28
468,R18,3,8.07
468,R18,4,7.86
468,R2,0,0.0731862231487135
468,R2,1,30.58563646816472
468,R2,2,27.526255151396935
468,R2,3,29.14763078603202
468,R2,4,25.912782438262752
468,R20,1,8.1
468,R20,2,8.08
468,R20,3,9.31
468,R20,4,9.58
468,R29,1,10.64
468,R29,2,7.37
468,R29,3,9.5
468,R29,4,9.92
468,R33,1,8.45
468,R33,2,10.31
468,R33,3,9.29
468,R33,4,9.48
468,R39,1,7.62
468,R39,2,9.24
468,R39,3,8.19
468,R39,4,10.52
468,R52,1,9.39
468,R52,2,8.94
468,R52,3,8.78
468,R52,4,8.82
468,R7,0,0.0878234677784561
468,R7,1,8.828763761797662
468,R7,2,9.645506181676321
468,R7,3,9.707156943238424
468,R7,4,8.383338925915304
470,R11,0,0.0530348365082121
470,R11,1,9.614201935694455
470,R11,2,8.357244392526008
470,R11,3,10.385954169600442
470,R11,4,8.873639755911528
470,R12,1,9.67
470,R12,2,7.95
470,R12,3,9.47
470,R12,4,8.84
470,R14,1,9.26
470,R14,2,7.8
470,R14,3,8.81
470,R14,4,9.75
470,R17,1,8.73
470,R17,2,9.15
470,R17,3,9.5
470,R17,4,10.3
470,R18,1,10.7
470,R18,2,7.35
470,R18,3,7.98
470,R18,4,9.28
470,R2,0,0.0378820260772942
470,R2,1,24.081572811210325
470,R2,2,27.623745994661434
470,R2,3,22.49425297828603
470,R2,4,28.18117125422252
470,R20,1,7.97
470,R20,2,9.57
470,R20,3,8.61
470,R20,4,10.38
470,R29,1,10.41
470,R29,2,8.11
470,R29,3,7.92
470,R29,4,11.35
470,R33,1,8.06
470,R33,2,7.77
470,R33,3,7.78
470,R33,4,9.23
470,R39,1,9.2
470,R39,2,7.35
470,R39,3,8.6
470,R39,4,8.11
470,R52,1,9.13
470,R52,2,8.11
470,R52,3,9.03
470,R52,4,8.2
470,R7,0,0.0454584312927531
470,R7,1,7.28788737345239
470,R7,2,9.250495193593721
470,R7,3,9.325103573943235
470,R7,4,9.847405505067025
471,R11,0,0.0448130717287435
471,R11,1,8.850803692348231
471,R11,2,9.577807217878586
471,R11,3,7.4671864710317335
471,R11,4,7.807097580982738
471,R12,1,10.48
471,R12,2,8.83
471,R12,3,7.13
471,R12,4,7.68
471,R14,1,10.48
471,R14,2,9.42
471,R14,3,9.3
471,R14,4,7.57
471,R17,1,8.59
471,R17,2,9.17
471,R17,3,9.21
471,R17,4,11.07
471,R18,1,10.65
471,R18,2,7.99
471,R18,3,9.85
471,R18,4,9.01
471,R2,0,0.0320093369491025
471,R2,1,23.593431208820164
471,R2,2,24.578433727056133
471,R2,3,22.136561765022666
471,R2,4,26.415069700701956
471,R20,1,9.45
471,R20,2,10.86
471,R20,3,9.81
471,R20,4,7.91
471,R29,1,8.95
471,R29,2,9.96
471,R29,3,8.1
471,R29,4,9.09
471,R33,1,10.53
471,R33,2,10.12
471,R33,3,8.73
471,R33,4,10.42
471,R39,1,8.41
471,R39,2,8.71
471,R39,3,10.08
471,R39,4,9.23
471,R52,1,9.91
471,R52,2,8.22
471,R52,3,7.59
471,R52,4,11.02
471,R7,0,0.038411204338923
471,R7,1,11.2621174505842
471,R7,2,9.63812047246736
471,R7,3,8.8318741180272
471,R7,4,8.186083640842348
475,R11,0,0.0944151526728039
475,R11,1,8.99769709388319
475,R11,2,9.719445595066889
475,R11,3,9.281886117332725
475,R11,4,8.108058719388497
475,R12,1,9.12
475,R12,2,10.6
475,R12,3,8.17
475,R12,4,7.76
475,R14,1,9.49
475,R14,2,10.22
475,R14,3,9.17
475,R14,4,7.58
475,R17,1,9.72
475,R17,2,10.26
475,R17,3,7.64
475,R17,4,8.48
475,R18,1,7.69
475,R18,2,8.94
475,R18,3,8.73
475,R18,4,7.92
475,R2,0,0.0674393947662884
475,R2,1,27.246926495630852
475,R2,2,24.141032567904922
475,R2,3,19.85134722666623
475,R2,4,24.092899085277498
475,R20,1,9.5
475,R20,2,7.94
475,R20,3,9.22
475,R20,4,10.77
475,R29,1,9.51
475,R29,2,7.84
475,R29,3,8.51
475,R29,4,9.03
475,R33,1,8.33
475,R33,2,10.9
475,R33,3,8.24
475,R33,4,7.82
475,R39,1,10.2
475,R39,2,8.87
475,R39,3,9.65
475,R39,4,8.96
475,R52,1,7.76
475,R52,2,7.91
475,R52,3,7.97
475,R52,4,8.15
475,R7,0,0.0809272737195461
475,R7,1,8.512311794757018
475,R7,2,8.215239081485906
475,R7,3,7.2116166719994785
475,R7,4,9.895478902332998
477,R11,0,0.06980004700709459
477,R11,1,8.374103423721584
477,R11,2,8.823168939723367
477,R11,3,9.088317254864524
477,R11,4,9.392324844849446
477,R12,1,8.24
477,R12,2,8.53
477,R12,3,10.07
477,R12,4,10.02
477,R14,1,8.34
477,R14,2,10.01
477,R14,3,8.57
477,R14,4,8.95
477,R17,1,8.51
477,R17,2,9.82
477,R17,3,8.53
477,R17,4,8.47
477,R18,1,8.69
477,R18,2,8.38
477,R18,3,8.05
477,R18,4,9.73
477,R2,0,0.0498571764336391
477,R2,1,20.070073874086845
477,R2,2,28.88797781408812
477,R2,3,28.620226610617518
477,R2,4,21.71166060346389
477,R20,1,10.8
477,R20,2,9.95
477,R20,3,8.06
477,R20,4,7.91
477,R29,1,9.09
477,R29,2,8.75
477,R29,3,9.82
477,R29,4,8.07
477,R33,1,7.99
477,R33,2,9.13
477,R33,3,8.62
477,R33,4,8.93
477,R39,1,9.76
477,R39,2,9.59
477,R39,3,9.63
477,R39,4,9.11
477,R52,1,7.92
477,R52,2,9.74
477,R52,3,8.71
477,R52,4,9.84
477,R7,0,0.059828611720366597
477,R7,1,8.472088648904213
477,R7,2,9.575573376905744
477,R7,3,8.57427193274102
477,R7,4,10.311992724156667
478,R11,0,0.0223450350490026
478,R11,1,9.457086719908476
478,R11,2,9.71427605942687
478,R11,3,8.847282524129039
478,R11,4,8.468528652936431
478,R12,1,9.26
478,R12,2,8.36
478,R12,3,8.44
478,R12,4,9.4
478,R14,1,8.47
478,R14,2,10.06
478,R14,3,10.29
478,R14,4,7.77
478,R17,1,10.6
478,R17,2,9.34
478,R17,3,8.65
478,R17,4,9.77
478,R18,1,8.4
478,R18,2,9.37
478,R18,3,10.03
478,R18,4,8.17
478,R2,0,0.0159607393207159
478,R2,1,22.70506194279177
478,R2,2,30.577340042447762
478,R2,3,26.842344660092166
478,R2,4,23.17323475209745
478,R20,1,8.57
478,R20,2,7.91
478,R20,3,8.75
478,R20,4,8.9
478,R29,1,8.32
478,R29,2,9.02
478,R29,3,9.03
478,R29,4,8.99
478,R33,1,8.77
478,R33,2,9.06
478,R33,3,9.87
478,R33,4,9.24
478,R39,1,8.45
478,R39,2,6.9
478,R39,3,10.68
478,R39,4,8.64
478,R52,1,9.01
478,R52,2,8.76
478,R52,3,9.05
478,R52,4,11.08
478,R7,0,0.0191528871848592
478,R7,1,7.916074331350123
478,R7,2,9.220808050937316
478,R7,3,8.364813592110604
478,R7,4,8.94588170251694
481,R11,0,0.2237285006351515
481,R11,1,8.098452506115114
481,R11,2,8.97143107964122
481,R11,3,8.726594416012345
481,R11,4,8.214809950334605
481,R12,1,8.76
481,R12,2,9.07
481,R12,3,10.19
481,R12,4,9.29
481,R14,1,8.93
481,R14,2,7.34
481,R14,3,8.83
481,R14,4,9.4
481,R17,1,8.39
481,R17,2,7.06
481,R17,3,9.03
481,R17,4,9.8
481,R18,1,7.79
481,R18,2,7.56
481,R18,3,8.79
481,R18,4,10.4
481,R2,0,0.15980607188225102
481,R2,1,23.54603750436794
481,R2,2,23.9724507711723
481,R2,3,20.091853154294533
481,R2,4,24.996292821667577
481,R20,1,8.33
481,R20,2,9.69
481,R20,3,10.12
481,R20,4,7.31
481,R29,1,8.13
481,R29,2,7.07
481,R29,3,10.58
481,R29,4,9.09
481,R33,1,8.04
481,R33,2,8.66
481,R33,3,7.68
481,R33,4,9.32
481,R39,1,8.3
481,R39,2,7.75
481,R39,3,9.26
481,R39,4,9.5
481,R52,1,9.17
481,R52,2,8.69
481,R52,3,8.47
481,R52,4,9.75
481,R7,0,0.1917672862587011
481,R7,1,9.177245005241527
481,R7,2,9.12694092540676
481,R7,3,7.484223785153438
481,R7,4,8.04555138600109
483,R11,0,0.0961015047111528
483,R11,1,9.77761229803001
483,R11,2,7.761944477061481
483,R11,3,7.257094940786393
483,R11,4,7.00791477900498
483,R12,1,9.43
483,R12,2,10.43
483,R12,3,11.15
483,R12,4,8.12
483,R14,1,9.72
483,R14,2,7.58
483,R14,3,9.84
483,R14,4,9.32
483,R17,1,9.09
483,R17,2,9.3
483,R17,3,8.14
483,R17,4,8.93
483,R18,1,7.69
483,R18,2,9.5
483,R18,3,8.4
483,R18,4,8.65
483,R2,0,0.0686439319365377
483,R2,1,22.07258021287858
483,R2,2,29.89853176932963
483,R2,3,20.22221067199028
483,R2,4,20.787081985003557
483,R20,1,9.76
483,R20,2,8.51
483,R20,3,8.4
483,R20,4,7.25
483,R29,1,8.09
483,R29,2,7.51
483,R29,3,9.21
483,R29,4,9.95
483,R33,1,8.29
483,R33,2,7.15
483,R33,3,8.41
483,R33,4,9.17
483,R39,1,9.02
483,R39,2,10.16
483,R39,3,8.58
483,R39,4,7.06
483,R52,1,8.32
483,R52,2,8.47
483,R52,3,8.59
483,R52,4,8.07
483,R7,0,0.0823727183238453
483,R7,1,9.025096255454296
483,R7,2,9.610238123195554
483,R7,3,9.014652806388337
483,R7,4,9.47249838200427
485,R11,0,0.1686172660186784
485,R11,1,10.000499003084636
485,R11,2,7.7104788939804045
485,R11,3,7.177155485936205
485,R11,4,9.885053912682029
485,R12,1,8.28
485,R12,2,8.19
485,R12,3,10.85
485,R12,4,9.25
485,R14,1,9.01
485,R14,2,10.17
485,R14,3,9.22
485,R14,4,7.88
485,R17,1,8.79
485,R17,2,9.0
485,R17,3,9.44
485,R17,4,7.75
485,R18,1,9.2
485,R18,2,7.53
485,R18,3,9.17
485,R18,4,8.92
485,R2,0,0.1204409042990558
485,R2,1,24.900356430774742
485,R2,2,23.148913495700288
485,R2,3,28.543682489954435
485,R2,4,19.459324223344307
485,R20,1,8.41
485,R20,2,8.38
485,R20,3,7.8
485,R20,4,7.68
485,R29,1,7.62
485,R29,2,7.9
485,R29,3,7.83
485,R29,4,7.64
485,R33,1,10.9
485,R33,2,7.34
485,R33,3,8.35
485,R33,4,7.69
485,R39,1,8.78
485,R39,2,9.48
485,R39,3,8.57
485,R39,4,7.45
485,R52,1,9.23
485,R52,2,7.9
485,R52,3,8.59
485,R52,4,9.53
485,R7,0,0.144529085158867
485,R7,1,9.600427716929687
485,R7,2,10.024696194840345
485,R7,3,7.130418987945319
485,R7,4,9.667189068013167
487,R11,0,0.0215939506067735
487,R11,1,10.180357066160385
487,R11,2,7.645853833765923
487,R11,3,7.748742031703077
487,R11,4,7.769484553252495
487,R12,1,9.28
487,R12,2,9.95
487,R12,3,10.16
487,R12,4,8.29
487,R14,1,8.46
487,R14,2,9.62
487,R14,3,11.43
487,R14,4,9.88
487,R17,1,10.54
487,R17,2,10.34
487,R17,3,8.29
487,R17,4,10.22
487,R18,1,7.49
487,R18,2,8.58
487,R18,3,9.36
487,R18,4,9.03
487,R2,0,0.0154242504334095
487,R2,1,28.267397904400276
487,R2,2,24.178467024118515
487,R2,3,25.2433871655022
487,R2,4,25.313917538037497
487,R20,1,7.76
487,R20,2,7.84
487,R20,3,8.09
487,R20,4,9.0
487,R29,1,7.35
487,R29,2,7.49
487,R29,3,7.66
487,R29,4,7.97
487,R33,1,9.63
487,R33,2,9.78
487,R33,3,9.4
487,R33,4,7.51
487,R39,1,8.62
487,R39,2,10.08
487,R39,3,9.05
487,R39,4,8.28
487,R52,1,9.23
487,R52,2,8.27
487,R52,3,10.54
487,R52,4,9.15
487,R7,0,0.0185091005200917
487,R7,1,7.66887748528033
487,R7,2,10.59216042894222
487,R7,3,7.106064598602637
487,R7,4,10.166701045644995
492,R11,0,0.7160446923016018
492,R11,1,10.41185215234999
492,R11,2,10.954318976238245
492,R11,3,8.667368480991152
492,R11,4,10.037615361689696
492,R12,1,8.48
492,R12,2,10.71
492,R12,3,6.98
492,R12,4,8.93
492,R14,1,11.01
492,R14,2,10.42
492,R14,3,8.23
492,R14,4,8.63
492,R17,1,9.87
492,R17,2,8.53
492,R17,3,8.2
492,R17,4,8.9
492,R18,1,9.01
492,R18,2,9.85
492,R18,3,7.98
492,R18,4,8.14
492,R2,0,0.511460494501144
492,R2,1,19.89132296596428
492,R2,2,21.847370697313032
492,R2,3,27.432406057850823
492,R2,4,26.595439544064067
492,R20,1,9.13
492,R20,2,10.02
492,R20,3,8.86
492,R20,4,8.16
492,R29,1,8.73
492,R29,2,8.99
492,R29,3,9.64
492,R29,4,8.35
492,R33,1,9.18
492,R33,2,9.89
492,R33,3,8.96
492,R33,4,10.77
492,R39,1,10.2
492,R39,2,9.48
492,R39,3,8.77
492,R39,4,7.42
492,R52,1,10.65
492,R52,2,8.31
492,R52,3,8.49
492,R52,4,8.89
492,R7,0,0.6137525934013731
492,R7,1,9.341587559157135
492,R7,2,8.890844836775639
492,R7,3,9.104887269420987
492,R7,4,8.586527452876883
494,R11,0,0.0007312336365891127
494,R11,1,9.840842437272194
494,R11,2,10.340996035701748
494,R11,3,9.191649990741121
494,R11,4,9.42087375140932
494,R12,1,8.52
494,R12,2,8.37
494,R12,3,8.21
494,R12,4,7.28
494,R14,1,8.91
494,R14,2,10.18
494,R14,3,10.52
494,R14,4,8.07
494,R17,1,9.79
494,R17,2,8.22
494,R17,3,9.01
494,R17,4,9.62
494,R18,1,10.05
494,R18,2,10.73
494,R18,3,8.16
494,R18,4,7.15
494,R2,0,0.0005223097404208414
494,R2,1,24.42060174090871
494,R2,2,27.570711454072676
494,R2,3,26.181178564815085
494,R2,4,23.550624108149513
494,R20,1,7.79
494,R20,2,10.09
494,R20,3,10.3
494,R20,4,8.36
494,R29,1,7.88
494,R29,2,8.94
494,R29,3,9.24
494,R29,4,7.56
494,R33,1,10.09
494,R33,2,9.46
494,R33,3,9.76
494,R33,4,9.92
494,R39,1,7.76
494,R39,2,9.76
494,R39,3,8.04
494,R39,4,8.43
494,R52,1,10.19
494,R52,2,7.81
494,R52,3,8.47
494,R52,4,7.46
494,R7,0,0.0006267716885049537
494,R7,1,10.140722089090453
494,R7,2,8.740853744887213
494,R7,3,8.401414277778104
494,R7,4,8.860748929779417
